Arrest Date,Street No,Street Direction,Street name,Arrest ID,Statute,Statute Description,Age,Race
3-Sep-12,9XX,W,WILSON AVE,16416248,720 ILCS 550.0/4-A,CANNABIS - POSSESS LESS THAN 2.5 GRMS,30,ASIAN/PACIFIC ISLANDER
19-Jun-16,56XX,S,ABERDEEN ST,17265153,9-52-020,RIDING BICYCLE ON SIDEWALK,18,BLACK
4-Nov-12,55XX,S,PRINCETON AVE,16461059,720 ILCS 550.0/4-B,CANNABIS - POSSESS 2.5-10 GRMS,36,BLACK
7-Mar-13,4XX,S,SACRAMENTO BLVD,16540607,725 ILCS 5.0/110-3,ISSUANCE OF WARRANT,20,BLACK
4-Mar-13,13XX,S,INDEPENDENCE BLVD,16538898,625 ILCS 5.0/6-303-D,FELONY DRIVING WHILE LICENSE SUSPENDED OR REVOKED (2),38,BLACK
16-May-14,50XX,W,CONGRESS PKWY,16827404,720 ILCS 570.0/402-C,PCS - POSSESSION - POSS AMT CON SUB EXCEPT (A)(D),64,BLACK
28-Feb-14,67XX,S,MARSHFIELD AVE,16777433,1-4-145-A,FAILURE TO APPEAR IN COURT,25,BLACK
13-Mar-13,16XX,W,HOWARD ST,16545017,720 ILCS 550.0/4-B,CANNABIS - POSSESS 2.5-10 GRMS,41,BLACK
12-Jul-13,3XX,E,47TH ST,16631631,720 ILCS 550.0/4-B,CANNABIS - POSSESS 2.5-10 GRMS,47,BLACK
30-Sep-14,70XX,S,PERRY AVE,16918050,625 ILCS 5.0/11-501-A-2,IVC - DRIVING UNDER INFLUENCE OF ALCOHOL,26,BLACK
1-Jun-16,86XX,S,COMMERCIAL AVE,17255896,9-52-020,RIDING BICYCLE ON SIDEWALK,19,BLACK
23-Jun-14,119XX,S,HARVARD AVE,16853367,720 ILCS 550.0/4-A,CANNABIS - POSSESS LESS THAN 2.5 GRMS,21,BLACK
20-Apr-17,79XX,S,AVALON AVE,17404340,720 ILCS 5.0/26-1.1-A,DISORD CONDUCT/FALSE REPORT/INS,22,BLACK
29-Nov-16,28XX,E,90TH ST,17340539,720 ILCS 5.0/24-1.1-A,"UUW - WEAPON - FELON, POSSESS/USE FIREARM",44,BLACK
30-May-13,133XX,S,ST LAWRENCE AVE,16600938,720 ILCS 570.0/402-C,PCS - POSSESSION - POSS AMT CON SUB EXCEPT (A)(D),51,BLACK
24-Aug-13,83XX,S,COLFAX AVE,16661499,720 ILCS 570.0/402-C,PCS - POSSESSION - POSS AMT CON SUB EXCEPT (A)(D),40,BLACK
14-Dec-14,103XX,S,WENTWORTH AVE,16962244,1-4-145-A,FAILURE TO APPEAR IN COURT,23,BLACK
24-Jun-14,2XX,E,35TH ST,16853898,720 ILCS 570.0/402-C,PCS - POSSESSION - POSS AMT CON SUB EXCEPT (A)(D),60,BLACK
6-May-14,89XX,S,COTTAGE GROVE AVE,16821076,720 ILCS 550.0/4-A,CANNABIS - POSSESS LESS THAN 2.5 GRMS,19,BLACK
2-Aug-15,46XX,N,WINTHROP AVE,17096529,720 ILCS 550.0/4-D,POSS CANNABIS/30-500 GRAM/SUBQ,55,BLACK
17-Jan-17,XX,W,ELM ST,17359715,725 ILCS 5.0/110-3,ISSUANCE OF WARRANT,43,BLACK
14-Sep-16,84XX,S,ADA ST,17306555,720 ILCS 5.0/24-1.1-A,"UUW - WEAPON - FELON, POSSESS/USE FIREARM",37,BLACK
11-Feb-17,47XX,W,POLK ST,17371971,725 ILCS 5.0/110-3,ISSUANCE OF WARRANT,43,BLACK
2-Jul-16,28XX,W,POLK ST,17271995,720 ILCS 570.0/402-C,PCS - POSSESSION - POSS AMT CON SUB EXCEPT (A)(D),21,BLACK
8-Jul-16,64XX,S,ASHLAND AVE,17274817,720 ILCS 5.0/12-1-A,ASSAULT - SIMPLE,27,BLACK
3-Sep-16,13XX,N,CICERO AVE,17301424,625 ILCS 5.0/6-303-A,DRIVING ON SUSPENDED LICENSE,20,BLACK
26-Oct-15,48XX,W,MADISON ST,17146627,720 ILCS 570.0/402-C,PCS - POSSESSION - POSS AMT CON SUB EXCEPT (A)(D),36,BLACK
24-Jul-16,31XX,W,FRANKLIN BLVD,17282066,9-52-020,RIDING BICYCLE ON SIDEWALK,24,BLACK
9-Oct-15,45XX,W,HARRISON ST,17136839,720 ILCS 5.0/31-4.5-A,OBSTRUCTING IDENTIFICATION,19,BLACK
3-Nov-16,11XX,S,INDEPENDENCE BLVD,17328838,9-52-020,RIDING BICYCLE ON SIDEWALK,47,BLACK
9-Nov-15,53XX,W,NORTH AVE,17154379,9-52-020,RIDING BICYCLE ON SIDEWALK,45,BLACK
12-Aug-15,XX,S,PULASKI RD,17102271,725 ILCS 5.0/110-3,ISSUANCE OF WARRANT,23,BLACK
5-Nov-15,24XX,N,LINCOLN AVE,17151882,1-4-145-A,FAILURE TO APPEAR IN COURT,44,BLACK
4-Apr-16,25XX,W,HADDON AVE,17224966,9-52-020,RIDING BICYCLE ON SIDEWALK,19,BLACK
12-May-14,5XX,W,111TH ST,16825089,9-52-010(B),BICYCLE OBEY TRAFFIC CONTROL DEVICES,28,BLACK
19-Sep-16,68XX,S,MORGAN ST,17308944,720 ILCS 570.0/402-C,PCS - POSSESSION - POSS AMT CON SUB EXCEPT (A)(D),23,BLACK
5-Oct-12,44XX,W,CERMAK RD,16439922,720 ILCS 570.0/402-C,PCS - POSSESSION - POSS AMT CON SUB EXCEPT (A)(D),46,WHITE
10-Nov-13,35XX,N,HALSTED ST,16714769,720 ILCS 5.0/16-2,THEFT LOST/MISLAID/PROP/<$500,26,WHITE
16-Sep-16,86XX,S,COMMERCIAL AVE,17307528,725 ILCS 5.0/110-3,ISSUANCE OF WARRANT,36,HISPANIC
1-Nov-16,32XX,W,24TH ST,17328234,9-52-020,RIDING BICYCLE ON SIDEWALK,30,HISPANIC
5-Oct-12,32XX,N,LAMON AVE,16439655,725 ILCS 5.0/110-3,ISSUANCE OF WARRANT,25,HISPANIC
8-Aug-12,60XX,W,SCHUBERT AVE,16397843,725 ILCS 5.0/110-3,ISSUANCE OF WARRANT,24,HISPANIC
27-Sep-14,17XX,N,SPAULDING AVE,16916609,4-4-333-B,SYNTHETIC MARIJUANA,24,HISPANIC
2-Aug-14,14XX,S,THROOP ST,16880240,9-52-020,RIDING BICYCLE ON SIDEWALK,48,HISPANIC
2-Jul-15,27XX,W,63RD ST,17078058,720 ILCS 550.0/4-C,CANNABIS - POSSESS 10-30 GRMS,22,HISPANIC
11-Nov-15,55XX,N,LINCOLN AVE,17155166,720 ILCS 570.0/402-C,PCS - POSSESSION - POSS AMT CON SUB EXCEPT (A)(D),21,HISPANIC
27-Jun-12,35XX,S,PRAIRIE AVE,16366831,720 ILCS 570.0/402-C,PCS - POSSESSION - POSS AMT CON SUB EXCEPT (A)(D),22,BLACK
2-Aug-12,10XX,W,LAWRENCE AVE,16393316,720 ILCS 550.0/4-A,CANNABIS - POSSESS LESS THAN 2.5 GRMS,31,BLACK
13-Sep-12,51XX,W,MADISON ST,16423628,725 ILCS 5.0/110-3,ISSUANCE OF WARRANT,44,BLACK
12-Aug-12,8XX,W,59TH ST,16399973,720 ILCS 570.0/402-C,PCS - POSSESSION - LESS THAN 15 GRMS - COCAINE,43,BLACK
9-Oct-12,91XX,S,YATES BLVD,16443012,720 ILCS 570.0/402-C,PCS - POSSESSION - POSS AMT CON SUB EXCEPT (A)(D),40,BLACK
5-Jan-13,25XX,W,ROOSEVELT RD,16500309,720 ILCS 570.0/402-C,PCS - POSSESSION - POSS AMT CON SUB EXCEPT (A)(D),51,BLACK
24-Aug-13,14XX,E,MARQUETTE RD,16661795,720 ILCS 5.0/12-5-A,RECKLESS CONDUCT,53,BLACK
19-May-14,59XX,S,MICHIGAN AVE,16829919,720 ILCS 550.0/4-A,CANNABIS - POSSESS LESS THAN 2.5 GRMS,35,BLACK
13-Jun-13,25XX,E,75TH ST,16610637,725 ILCS 5.0/110-3,ISSUANCE OF WARRANT,18,BLACK
24-Jul-13,119XX,S,MICHIGAN AVE,16639576,720 ILCS 570.0/402-C,PCS - POSSESSION - POSS AMT CON SUB EXCEPT (A)(D),52,BLACK
19-Aug-13,24XX,E,78TH ST,16657768,720 ILCS 550.0/4-A,CANNABIS - POSSESS LESS THAN 2.5 GRMS,21,BLACK
11-Sep-14,51XX,W,MADISON ST,16906376,720 ILCS 570.0/402-C,PCS - POSSESSION - POSS AMT CON SUB EXCEPT (A)(D),23,BLACK
14-Jun-14,1XX,W,110TH PL,16847022,9-52-020,RIDING BICYCLE ON SIDEWALK,37,BLACK
13-Sep-15,82XX,S,COTTAGE GROVE AVE,17121534,720 ILCS 550.0/4-A,CANNABIS - POSSESS LESS THAN 2.5 GRMS,30,BLACK
9-Aug-15,54XX,W,CHICAGO AVE,17100933,9-52-010(B),BICYCLE OBEY TRAFFIC CONTROL DEVICES,48,BLACK
11-Nov-15,1XX,S,OAKLEY BLVD,17155193,9-52-020,RIDING BICYCLE ON SIDEWALK,19,BLACK
1-Oct-14,19XX,W,63RD ST,16918711,725 ILCS 5.0/110-3,ISSUANCE OF WARRANT,29,BLACK
22-Aug-14,30XX,N,KIMBALL AVE,16892920,4-144-190,REPLICA FIREARMS/PELLET GUNS,18,BLACK
22-Jul-15,50XX,W,MADISON ST,17090422,9-52-010(B),BICYCLE OBEY TRAFFIC CONTROL DEVICES,57,BLACK
24-Jul-15,11XX,W,ARGYLE ST,17091325,720 ILCS 550.0/4-B,CANNABIS - POSSESS 2.5-10 GRMS,27,BLACK
1-Dec-16,91XX,S,COMMERCIAL AVE,17341303,725 ILCS 5.0/110-3,ISSUANCE OF WARRANT,39,BLACK
29-Aug-14,62XX,S,RHODES AVE,16897632,720 ILCS 570.0/402-A-1-A,PCS - POSSESS 15<100 GRAMS HEROIN,52,BLACK
19-Jul-15,12XX,W,71ST ST,17088499,430 ILCS 65.0/2-A-1,FIREARM W/O VALID FOID/ELIG,19,BLACK
17-Aug-15,68XX,S,ASHLAND AVE,17105526,720 ILCS 550.0/4-C,CANNABIS - POSSESS 10-30 GRMS,42,BLACK
28-Dec-14,22XX,W,69TH ST,16969317,625 ILCS 5.0/6-303-A,DRIVING ON SUSPENDED LICENSE,37,BLACK
5-Sep-15,79XX,S,EXCHANGE AVE,17117112,720 ILCS 550.0/4-B,CANNABIS - POSSESS 2.5-10 GRMS,59,BLACK
13-Oct-15,16XX,W,68TH ST,17139016,720 ILCS 5.0/24-1.1-A,"UUW - WEAPON - FELON, POSSESS/USE FIREARM",47,BLACK
30-Mar-17,49XX,W,QUINCY ST,17394486,720 ILCS 570.0/402-C,PCS - POSSESSION - POSS AMT CON SUB EXCEPT (A)(D),27,BLACK
19-Jan-16,45XX,W,MADISON ST,17186466,9-52-080(A),"HEADLAMPS, REFLECTORS AND BRAKES",32,BLACK
19-Mar-15,75XX,S,EXCHANGE AVE,17014999,720 ILCS 5.0/25-5-A-4,STREETGANG CONTACT/PAROLE,34,BLACK
12-May-13,21XX,S,PULASKI RD,16587773,720 ILCS 570.0/402-C,PCS - POSSESSION - POSS AMT CON SUB EXCEPT (A)(D),34,WHITE
8-Aug-14,50XX,W,HARRISON ST,16883818,720 ILCS 570.0/402-C,PCS - POSSESSION - POSS AMT CON SUB EXCEPT (A)(D),33,WHITE
27-Mar-13,48XX,N,LINDER AVE,16554706,720 ILCS 5.0/12-1-A,ASSAULT - SIMPLE,48,WHITE
30-Jun-12,55XX,W,HARRISON ST,16369028,720 ILCS 570.0/402-A-1,PCS - POSSESSION - 15+GRMS - HEROIN,52,WHITE
13-Oct-16,30XX,E,87TH ST,17319938,725 ILCS 5.0/110-3,ISSUANCE OF WARRANT,38,HISPANIC
19-Aug-16,58XX,S,ST LOUIS AVE,17294257,725 ILCS 5.0/110-3,ISSUANCE OF WARRANT,20,HISPANIC
16-Sep-12,46XX,S,HARLEM,16425806,625 ILCS 5.0/11-501-A-2,DRVG UNDER INFLU OF ALCOHOL,50,HISPANIC
28-Oct-12,53XX,S,KEDZIE AVE,16456106,9-52-020,RIDING BICYCLE ON SIDEWALK,19,HISPANIC
25-Aug-12,34XX,W,LAWRENCE AVE,16409432,720 ILCS 5.0/12-2-A-16,AGG ASLT/POLICE/SHERIFF EMP,25,HISPANIC
13-Sep-12,19XX,S,CALIFORNIA AVE,16423944,720 ILCS 570.0/402-C,PCS - POSSESSION - POSS AMT CON SUB EXCEPT (A)(D),39,HISPANIC
27-Jul-15,26XX,S,ST LOUIS AVE,17092973,1-4-145-A,FAILURE TO APPEAR IN COURT,20,HISPANIC
22-Apr-13,30XX,W,LYNDALE ST,16573127,720 ILCS 5.0/12-5-A,RECKLESS CONDUCT,21,HISPANIC
22-Aug-14,30XX,N,KIMBALL AVE,16892928,720 ILCS 5.0/24-1-A-9,UUW -  WEAPON - POSSESS/CARRY /CONCEAL WEAPON,18,HISPANIC
18-Oct-13,28XX,S,TRUMBULL AVE,16699926,720 ILCS 570.0/402-C,PCS - POSSESSION - POSS AMT CON SUB EXCEPT (A)(D),38,HISPANIC
3-Jun-14,14XX,N,HOMAN AVE,16839906,9-52-020,RIDING BICYCLE ON SIDEWALK,33,HISPANIC
7-May-14,34XX,W,DIVISION ST,16821492,720 ILCS 570.0/402-C,PCS - POSSESSION - POSS AMT CON SUB EXCEPT (A)(D),55,HISPANIC
18-Jul-12,1XX,N,CALLEN,16382621,9-52-020,RIDING BICYCLE ON SIDEWALK,23,BLACK
8-Sep-12,69XX,S,HALSTED ST,16420004,725 ILCS 5.0/110-3,ISSUANCE OF WARRANT,19,BLACK
21-Apr-13,85XX,S,CARPENTER ST,16571930,720 ILCS 570.0/402-C,PCS - POSSESSION - POSS AMT CON SUB EXCEPT (A)(D),50,BLACK
5-Sep-13,4XX,E,PERSHING RD,16670614,9-52-020,RIDING BICYCLE ON SIDEWALK,26,BLACK
5-Aug-13,1XX,W,109TH PL,16647865,720 ILCS 550.0/4-B,CANNABIS - POSSESS 2.5-10 GRMS,33,BLACK
7-Oct-12,30XX,E,79TH ST,16441751,725 ILCS 5.0/110-3,ISSUANCE OF WARRANT,31,BLACK
23-Oct-12,85XX,S,MUSKEGON AVE,16453125,725 ILCS 5.0/110-3,ISSUANCE OF WARRANT,26,BLACK
18-Jun-13,66XX,N,CLARK ST,16614661,9-52-020,RIDING BICYCLE ON SIDEWALK,68,BLACK
9-May-14,9XX,N,ASHLAND AVE,16823080,9-40-130,OBSTRUCTION OF TRAFFIC BY MOTORIST,18,BLACK
26-May-15,67XX,S,MARSHFIELD AVE,17056197,9-52-080(A),"HEADLAMPS, REFLECTORS AND BRAKES",21,BLACK
12-Apr-14,24XX,W,79TH ST,16805788,720 ILCS 570.0/402-C,PCS - POSSESSION - POSS AMT CON SUB EXCEPT (A)(D),43,BLACK
25-May-14,82XX,S,COLES AVE,16834065,9-52-020,RIDING BICYCLE ON SIDEWALK,49,BLACK
19-Dec-14,55XX,W,WASHINGTON BLVD,16964885,725 ILCS 5.0/110-3,ISSUANCE OF WARRANT,45,BLACK
6-Jul-14,7XX,E,43RD ST,16862142,720 ILCS 550.0/4-B,CANNABIS - POSSESS 2.5-10 GRMS,22,BLACK
11-Jul-14,6XX,S,ST LOUIS AVE,16865373,9-52-020,RIDING BICYCLE ON SIDEWALK,19,BLACK
8-Oct-16,51XX,W,HARRISON ST,17317711,725 ILCS 225.0/13,FUGITIVE FROM JUSTICE - OUT OF STATE WARRANT,60,BLACK
28-Aug-15,XX,S,LOCKWOOD AVE,17112126,1-4-145-A,FAILURE TO APPEAR IN COURT,20,BLACK
20-Apr-14,4XX,W,DIVISION ST,16810690,9-52-020,RIDING BICYCLE ON SIDEWALK,62,BLACK
22-Mar-17,6XX,N,MONTICELLO AVE,17390674,720 ILCS 5.0/31-4.5-A,OBSTRUCTING IDENTIFICATION,45,BLACK
9-May-17,15XX,W,51ST ST,17413309,720 ILCS 5.0/25-5-A-4,STREETGANG CONTACT/PAROLE,23,BLACK
15-Sep-15,2XX,N,MENARD AVE,17122623,720 ILCS 570.0/402-C,PCS - POSSESSION - POSS AMT CON SUB EXCEPT (A)(D),23,BLACK
24-Dec-15,70XX,S,STONY ISLAND AVE,17176001,720 ILCS 5.0/24-1.6-A-2,AGG UUW/PERSON/<21,19,BLACK
22-Sep-15,66XX,S,EVANS AVE,17126532,720 ILCS 5.0/12-2-B-4,AGG ASSAULT PC OFFICER/VOLUNTEER,28,BLACK
9-Nov-15,24XX,W,63RD ST,17154328,720 ILCS 5.0/31-4.5-A,OBSTRUCTING IDENTIFICATION,24,BLACK
5-Aug-16,XX,E,114TH ST,17287781,725 ILCS 5.0/110-3,ISSUANCE OF WARRANT,25,BLACK
21-May-17,23XX,W,19TH ST,17419328,720 ILCS 570.0/402-C,PCS - POSSESSION - POSS AMT CON SUB EXCEPT (A)(D),33,BLACK
20-May-17,13XX,N,CLEVELAND AVE,17418626,725 ILCS 5.0/110-3,ISSUANCE OF WARRANT,52,BLACK
9-Oct-15,50XX,N,SHERIDAN RD,17136693,720 ILCS 5.0/12-5-A,RECKLESS CONDUCT,18,BLACK
19-Feb-17,59XX,W,LAKE ST,17376252,725 ILCS 5.0/110-3,ISSUANCE OF WARRANT,53,BLACK
26-May-17,91XX,S,COMMERCIAL AVE,17421651,725 ILCS 5.0/110-3,ISSUANCE OF WARRANT,21,BLACK
4-Oct-15,15XX,N,LECLAIRE AVE,17133738,720 ILCS 570.0/402-C,PCS - POSSESSION - POSS AMT CON SUB EXCEPT (A)(D),57,BLACK
19-Jun-13,6XX,N,MAYFIELD AVE,16615175,720 ILCS 550.0/4-B,CANNABIS - POSSESS 2.5-10 GRMS,36,BLACK
15-Oct-15,110XX,S,MICHIGAN AVE,17140273,720 ILCS 570.0/402-C,PCS - POSSESSION - POSS AMT CON SUB EXCEPT (A)(D),32,BLACK
11-May-14,31XX,W,DIVISION ST,16824364,720 ILCS 570.0/402-C,PCS - POSSESSION - POSS AMT CON SUB EXCEPT (A)(D),62,WHITE
2-Aug-15,43XX,W,79TH ST,17096507,725 ILCS 5.0/110-3,ISSUANCE OF WARRANT,36,WHITE
23-Jan-16,32XX,W,GRAND AVE,17188326,9-52-020,RIDING BICYCLE ON SIDEWALK,38,HISPANIC
22-Dec-15,67XX,S,ARTESIAN AVE,17175268,725 ILCS 5.0/110-3,ISSUANCE OF WARRANT,39,HISPANIC
16-Oct-16,52XX,S,ASHLAND AVE,17321294,720 ILCS 5.0/31-4.5-A,OBSTRUCTING IDENTIFICATION,38,HISPANIC
9-Nov-12,54XX,S,ABERDEEN ST,16464758,725 ILCS 5.0/110-3,ISSUANCE OF WARRANT,45,HISPANIC
7-May-17,27XX,W,LAWRENCE AVE,17412619,720 ILCS 570.0/402-C,PCS - POSSESSION - POSS AMT CON SUB EXCEPT (A)(D),19,HISPANIC
4-Feb-17,15XX,S,KEDZIE AVE,17368827,725 ILCS 5.0/110-3,ISSUANCE OF WARRANT,50,HISPANIC
22-Aug-14,30XX,N,KIMBALL AVE,16892930,720 ILCS 5.0/16-2,THEFT LOST/MISLAID/PROP/<$500,21,HISPANIC
20-May-14,25XX,N,CICERO AVE,16830196,8-4-130,POSS OF PAINT/MARKER WITH INTENT TO DEFACE,20,HISPANIC
8-Aug-15,23XX,S,TROY ST,17100051,720 ILCS 5.0/12-5-A,RECKLESS CONDUCT,27,HISPANIC
18-Jul-16,30XX,W,CERMAK RD,17279530,725 ILCS 5.0/110-3,ISSUANCE OF WARRANT,42,HISPANIC
16-Jun-16,52XX,N,MILWAUKEE AVE,17263711,725 ILCS 5.0/110-3,ISSUANCE OF WARRANT,33,HISPANIC
28-Jun-16,41XX,W,31ST ST,17269917,9-52-020,RIDING BICYCLE ON SIDEWALK,20,HISPANIC
23-Jun-16,30XX,S,KOMENSKY AVE,17266921,725 ILCS 5.0/110-3,ISSUANCE OF WARRANT,20,HISPANIC
2-Aug-12,28XX,S,STEWART AVE,16393436,725 ILCS 5.0/110-3,ISSUANCE OF WARRANT,33,ASIAN/PACIFIC ISLANDER
13-Jul-12,76XX,S,WABASH AVE,16378558,9-52-020,RIDING BICYCLE ON SIDEWALK,29,BLACK
18-Nov-12,34XX,W,16TH ST,16471433,720 ILCS 570.0/402-C,PCS - POSSESSION - POSS AMT CON SUB EXCEPT (A)(D),38,BLACK
20-Jul-12,12XX,N,KEDZIE AVE,16383645,720 ILCS 570.0/402-C,PCS - POSSESSION - POSS AMT CON SUB EXCEPT (A)(D),36,BLACK
6-Sep-13,81XX,S,BURNHAM AVE,16671104,720 ILCS 550.0/4-B,CANNABIS - POSSESS 2.5-10 GRMS,39,BLACK
25-Aug-13,6XX,W,109TH ST,16662281,720 ILCS 570.0/402-C,PCS - POSSESSION - POSS AMT CON SUB EXCEPT (A)(D),54,BLACK
25-Jan-14,118XX,S,WENTWORTH AVE,16757097,9-76-180(A),SEAT SAFETY BELT-FRONT SEAT,24,BLACK
8-Aug-14,70XX,S,CHAPPEL AVE,16884202,720 ILCS 570.0/402-C,PCS - POSSESSION - POSS AMT CON SUB EXCEPT (A)(D),47,BLACK
17-Dec-12,34XX,W,DIVISION ST,16489989,720 ILCS 550.0/4-A,CANNABIS - POSSESS LESS THAN 2.5 GRMS,49,BLACK
19-Nov-13,68XX,S,JEFFERY BLVD,16720865,725 ILCS 225.0/13,FUGITIVE FROM JUSTICE - OUT OF STATE WARRANT,44,BLACK
10-Jul-14,49XX,W,THOMAS ST,16864441,9-52-020,RIDING BICYCLE ON SIDEWALK,24,BLACK
28-Jul-14,11XX,S,TROY ST,16876993,720 ILCS 550.0/4-A,CANNABIS - POSSESS LESS THAN 2.5 GRMS,21,BLACK
13-Sep-14,132XX,S,LANGLEY AVE,16907528,720 ILCS 550.0/4-C,CANNABIS - POSSESS 10-30 GRMS,23,BLACK
25-May-14,XX,E,57TH ST,16833901,720 ILCS 550.0/4-B,CANNABIS - POSSESS 2.5-10 GRMS,59,BLACK
20-Aug-13,1XX,E,47TH ST,16658956,720 ILCS 550.0/4-A,CANNABIS - POSSESS LESS THAN 2.5 GRMS,36,BLACK
23-Jun-14,6XX,N,LECLAIRE AVE,16852972,720 ILCS 570.0/402-C,PCS - POSSESSION - POSS AMT CON SUB EXCEPT (A)(D),20,BLACK
12-Aug-13,1XX,E,71ST ST,16653253,9-52-020,RIDING BICYCLE ON SIDEWALK,19,BLACK
22-Dec-14,36XX,W,16TH ST,16966617,720 ILCS 570.0/402-C,PCS - POSSESSION - POSS AMT CON SUB EXCEPT (A)(D),54,BLACK
3-Jul-15,18XX,S,KEDZIE AVE,17078700,625 ILCS 5.0/6-303-A,DRIVING RVK/SUSP DUI/SSS 4-9,27,BLACK
22-Apr-14,85XX,S,MARQUETTE AVE,16812055,8-26-030-B,ANNUAL GUN OFFENDER REGISTRATION,22,BLACK
11-Apr-16,50XX,W,ADAMS ST,17228778,720 ILCS 570.0/402-C,PCS - POSSESSION - POSS AMT CON SUB EXCEPT (A)(D),36,BLACK
1-Jul-16,10XX,W,71ST ST,17271614,720 ILCS 5.0/17-41-A-II,COUNTERFIET CREDIT/DEBIT CARD,24,BLACK
17-May-17,93XX,S,WOODLAWN AVE,17417169,720 ILCS 5.0/31-4.5-A,OBSTRUCTING IDENTIFICATION,19,BLACK
2-Jun-15,28XX,W,WASHINGTON BLVD,17060258,9-52-020,RIDING BICYCLE ON SIDEWALK,21,BLACK
3-Jul-16,10XX,W,71ST ST,17272487,725 ILCS 5.0/110-3,ISSUANCE OF WARRANT,27,BLACK
28-Jun-16,15XX,W,69TH ST,17269802,725 ILCS 5.0/110-3,ISSUANCE OF WARRANT,19,BLACK
6-Sep-16,27XX,N,PAULINA ST,17302555,9-52-020,RIDING BICYCLE ON SIDEWALK,24,BLACK
24-Apr-14,8XX,N,LAMON AVE,16813035,720 ILCS 570.0/402-C,PCS - POSSESSION - POSS AMT CON SUB EXCEPT (A)(D),45,BLACK
1-Dec-15,46XX,W,ARMITAGE AVE,17165144,725 ILCS 5.0/110-3,ISSUANCE OF WARRANT,20,BLACK
20-May-17,110XX,S,MICHIGAN AVE,17418506,725 ILCS 5.0/110-3,ISSUANCE OF WARRANT,26,BLACK
3-Mar-17,22XX,W,18TH PL,17382068,720 ILCS 570.0/402-C,PCS - POSSESSION - POSS AMT CON SUB EXCEPT (A)(D),25,BLACK
13-May-16,84XX,S,ESCANABA AVE,17245315,720 ILCS 570.0/402-C,PCS - POSSESSION - POSS AMT CON SUB EXCEPT (A)(D),51,BLACK
29-Mar-15,1XX,W,95TH ST,17021268,720 ILCS 570.0/402-C,PCS - POSSESSION - POSS AMT CON SUB EXCEPT (A)(D),50,BLACK
3-Sep-16,2XX,N,CENTRAL AVE,17301345,725 ILCS 5.0/110-3,ISSUANCE OF WARRANT,24,BLACK
24-May-16,53XX,W,MADISON ST,17251522,725 ILCS 5.0/110-3,ISSUANCE OF WARRANT,52,BLACK
1-Dec-15,63XX,S,COTTAGE GROVE AVE,17164805,1-4-145-A,FAILURE TO APPEAR IN COURT,26,BLACK
9-Mar-17,55XX,S,THROOP ST,17384679,720 ILCS 570.0/402-C,PCS - POSSESSION - POSS AMT CON SUB EXCEPT (A)(D),51,BLACK
2-Mar-17,62XX,S,MORGAN ST,17381605,725 ILCS 5.0/110-3,ISSUANCE OF WARRANT,20,BLACK
6-Mar-17,15XX,S,CENTRAL PARK AVE,17383469,720 ILCS 570.0/402-C,PCS - POSSESSION - POSS AMT CON SUB EXCEPT (A)(D),45,BLACK
8-Nov-16,5XX,S,PULASKI RD,17331196,720 ILCS 570.0/402-C,PCS - POSSESSION - POSS AMT CON SUB EXCEPT (A)(D),41,HISPANIC
26-Oct-14,10XX,S,SACRAMENTO BLVD,16934664,720 ILCS 570.0/402-C,PCS - POSSESSION - POSS AMT CON SUB EXCEPT (A)(D),33,HISPANIC
15-Jul-12,13XX,N,KEDZIE AVE,16380061,720 ILCS 570.0/402-C,PCS - POSSESSION - POSS AMT CON SUB EXCEPT (A)(D),50,HISPANIC
20-May-14,46XX,W,WRIGHTWOOD AVE,16830198,8-4-130,POSS OF PAINT/MARKER WITH INTENT TO DEFACE,18,HISPANIC
7-Jul-12,4XX,W,CHICAGO AVE,16373793,720 ILCS 570.0/402-C,PCS - POSSESSION - POSS AMT CON SUB EXCEPT (A)(D),31,BLACK
6-Nov-15,13XX,W,81ST ST,17152583,720 ILCS 570.0/402-C,PCS - POSSESSION - POSS AMT CON SUB EXCEPT (A)(D),47,BLACK
15-Oct-15,1XX,S,CICERO AVE,17139695,720 ILCS 570.0/402-C,PCS - POSSESSION - POSS AMT CON SUB EXCEPT (A)(D),57,BLACK
20-Dec-12,7XX,N,DRAKE AVE,16491792,720 ILCS 570.0/402-C,PCS - POSSESSION - POSS AMT CON SUB EXCEPT (A)(D),21,BLACK
2-Jul-13,13XX,S,SPRINGFIELD AVE,16624119,720 ILCS 570.0/402-C,PCS - POSSESSION - POSS AMT CON SUB EXCEPT (A)(D),32,BLACK
18-Jun-13,56XX,S,STATE ST,16614957,720 ILCS 550.0/4-B,CANNABIS - POSSESS 2.5-10 GRMS,26,BLACK
5-Sep-13,89XX,S,EMERALD AVE,16670701,9-52-020,RIDING BICYCLE ON SIDEWALK,55,BLACK
22-May-13,10XX,W,84TH ST,16595459,9-52-020,RIDING BICYCLE ON SIDEWALK,23,BLACK
27-May-13,55XX,S,EMERALD AVE,16598980,720 ILCS 570.0/402-C,PCS - POSSESSION - POSS AMT CON SUB EXCEPT (A)(D),20,BLACK
18-Nov-13,62XX,S,WABASH AVE,16720040,720 ILCS 550.0/4-B,CANNABIS - POSSESS 2.5-10 GRMS,37,BLACK
30-Aug-13,63XX,S,ARTESIAN AVE,16666288,9-52-020,RIDING BICYCLE ON SIDEWALK,38,BLACK
14-Dec-12,103XX,S,BENSLEY AVE,16488514,720 ILCS 570.0/402-C,PCS - POSSESSION - POSS AMT CON SUB EXCEPT (A)(D),49,BLACK
25-Aug-13,6XX,W,109TH ST,16662280,720 ILCS 570.0/402-C,PCS - POSSESSION - POSS AMT CON SUB EXCEPT (A)(D),55,BLACK
14-Nov-14,26XX,E,79TH ST,16946473,9-52-080(A),"HEADLAMPS, REFLECTORS AND BRAKES",40,BLACK
31-Aug-14,106XX,S,HALSTED ST,16899210,720 ILCS 550.0/4-B,CANNABIS - POSSESS 2.5-10 GRMS,22,BLACK
14-Apr-17,XX,W,111TH ST,17401445,9-52-020,RIDING BICYCLE ON SIDEWALK,55,BLACK
14-Sep-16,78XX,S,ESSEX AVE,17306706,720 ILCS 5.0/24-1.1-A,"UUW - WEAPON - FELON, POSSESS/USE FIREARM",19,BLACK
30-May-13,17XX,W,53RD ST,16600909,725 ILCS 5.0/110-3,ISSUANCE OF WARRANT,31,BLACK
1-Aug-15,50XX,N,WINTHROP AVE,17096241,720 ILCS 5.0/25-5-A-4,STREETGANG CONTACT/PAROLE,25,BLACK
24-Oct-13,25XX,W,LITHUANIAN PLAZA CT,16703693,720 ILCS 550.0/4-A,CANNABIS - POSSESS LESS THAN 2.5 GRMS,22,BLACK
15-Jan-15,96XX,S,76TH AVE.,16977998,720 ILCS 5.0/11-14-A,PROSTITUTION,21,BLACK
26-Mar-17,48XX,W,CHICAGO AVE,17392796,720 ILCS 570.0/402-C,PCS - POSSESSION - POSS AMT CON SUB EXCEPT (A)(D),18,BLACK
28-Oct-14,107XX,S,PERRY AVE,16936070,720 ILCS 5.0/12-2-B-4,AGG ASSAULT PC OFFICER/VOLUNTEER,58,BLACK
24-Jan-15,67XX,S,MARSHFIELD AVE,16983908,9-52-020,RIDING BICYCLE ON SIDEWALK,22,BLACK
12-Jun-16,5XX,W,74TH ST,17261742,725 ILCS 5.0/110-3,ISSUANCE OF WARRANT,31,BLACK
6-Jun-16,82XX,S,EXCHANGE AVE,17258490,9-52-020,RIDING BICYCLE ON SIDEWALK,41,BLACK
6-Apr-14,64XX,S,RHODES AVE,16801251,4-144-190,REPLICA FIREARMS/PELLET GUNS,25,BLACK
31-Aug-16,20XX,E,71ST ST,17299842,9-52-020,RIDING BICYCLE ON SIDEWALK,24,BLACK
2-Oct-15,21XX,W,ADAMS ST,17132548,720 ILCS 550.0/4-B,CANNABIS - POSSESS 2.5-10 GRMS,45,BLACK
6-Oct-15,57XX,S,WABASH AVE,17134829,720 ILCS 570.0/402-C,PCS - POSSESSION - POSS AMT CON SUB EXCEPT (A)(D),50,BLACK
10-Oct-15,10XX,W,71ST ST,17136905,720 ILCS 550.0/4-B,CANNABIS - POSSESS 2.5-10 GRMS,40,BLACK
19-Sep-16,9XX,W,87TH ST,17309023,725 ILCS 5.0/110-3,ISSUANCE OF WARRANT,44,BLACK
9-Aug-14,78XX,S,RACINE AVE,16884713,9-52-020,RIDING BICYCLE ON SIDEWALK,29,BLACK
29-May-16,150XX,S,LEXINGTON,17254228,625 ILCS 5.0/11-1201-A,FAIL STOP FOR TRAIN OR SIGNAL,49,BLACK
19-Sep-16,20XX,E,71ST ST,17308928,9-52-020,RIDING BICYCLE ON SIDEWALK,34,BLACK
8-Mar-16,16XX,N,CALIFORNIA AVE,17211155,9-52-020,RIDING BICYCLE ON SIDEWALK,23,HISPANIC
13-Jul-12,32XX,W,DIVISION ST,16378569,720 ILCS 570.0/402-C,PCS - POSSESSION - POSS AMT CON SUB EXCEPT (A)(D),38,HISPANIC
31-Oct-13,43XX,W,CERMAK RD,16708346,720 ILCS 570.0/402-C,PCS - POSSESSION - POSS AMT CON SUB EXCEPT (A)(D),31,HISPANIC
21-Aug-15,62XX,S,WHIPPLE ST,17107949,720 ILCS 550.0/4-A,CANNABIS - POSSESS LESS THAN 2.5 GRMS,21,HISPANIC
26-Sep-12,9XX,W,119TH ST,16432846,9-52-020,RIDING BICYCLE ON SIDEWALK,32,BLACK
4-Jan-13,81XX,S,GREEN ST,16499708,720 ILCS 570.0/402-C,PCS - POSSESSION - POSS AMT CON SUB EXCEPT (A)(D),44,BLACK
29-May-13,35XX,S,CALUMET AVE,16600439,720 ILCS 570.0/402-C,PCS - POSSESSION - POSS AMT CON SUB EXCEPT (A)(D),55,BLACK
1-Sep-13,8XX,W,WAVELAND AVE,16667516,9-52-020,RIDING BICYCLE ON SIDEWALK,24,BLACK
31-Jan-13,XX,S,CICERO AVE,16517297,625 ILCS 5.0/6-303-A,DRIVING ON SUSPENDED LICENSE,30,BLACK
30-Jul-12,117XX,S,MICHIGAN AVE,16391509,9-52-020,RIDING BICYCLE ON SIDEWALK,49,BLACK
17-Oct-14,155XX,S,TURLINGTON,16929160,625 ILCS 25.0/4,IVC - CHILD RESTRAINT VIOLATION - CHILD<8,24,BLACK
19-Sep-12,76XX,N,ASHLAND AVE,16428052,720 ILCS 550.0/4-A,CANNABIS - POSSESS LESS THAN 2.5 GRMS,25,BLACK
30-Mar-15,27XX,E,79TH ST,17021901,9-52-020,RIDING BICYCLE ON SIDEWALK,50,BLACK
9-Jun-13,23XX,W,64TH ST,16608415,720 ILCS 5.0/12-5-A,RECKLESS CONDUCT,23,BLACK
8-Dec-13,118XX,S,PERRY AVE,16732177,720 ILCS 570.0/402-C,PCS - POSSESSION - POSS AMT CON SUB EXCEPT (A)(D),50,BLACK
16-Aug-14,7XX,N,HOMAN AVE,16889474,720 ILCS 5.0/24-1.1-A,UUW - WEAPON - FELON POSS/USE FIREARM/PAROLE,21,BLACK
6-Nov-14,4XX,N,CICERO AVE,16941521,725 ILCS 5.0/110-3,ISSUANCE OF WARRANT,49,BLACK
17-Aug-13,90XX,S,HOUSTON AVE,16656219,8-4-010(H),IN PUBLIC UNDER INFLUENCE DRUGS/ALCOHOL,21,BLACK
8-Sep-14,2XX,S,CALIFORNIA AVE,16904480,720 ILCS 570.0/402-C,PCS - POSSESSION - POSS AMT CON SUB EXCEPT (A)(D),23,BLACK
20-Aug-14,79XX,S,MORGAN ST,16891777,720 ILCS 550.0/4-B,CANNABIS - POSSESS 2.5-10 GRMS,22,BLACK
3-Oct-13,30XX,W,JACKSON BLVD,16689841,720 ILCS 5.0/12-5-A,RECKLESS CONDUCT,23,BLACK
27-Aug-13,79XX,S,SAGINAW AVE,16663646,720 ILCS 550.0/4-A,CANNABIS - POSSESS LESS THAN 2.5 GRMS,23,BLACK
3-Jul-14,10XX,E,47TH ST,16860135,730 ILCS 150.0/3-A,VIOL SEX OFFENDER REGISTATION,34,BLACK
3-Sep-15,75XX,N,PAULINA ST,17115856,9-52-080(A),"HEADLAMPS, REFLECTORS AND BRAKES",18,BLACK
25-Jan-15,83XX,S,BOND AVE,16984501,625 ILCS 5.0/6-303-A,DRIVING RVK/SUSP DUI/SSS 3RD,33,BLACK
1-Jul-15,11XX,W,77TH ST,17077723,725 ILCS 5.0/110-3,ISSUANCE OF WARRANT,47,BLACK
28-Mar-17,3XX,S,SAUK TRAIL,17393435,625 ILCS 5.0/11-601.5-A,SPEEDING 26-34 MPH OVER LIMIT,21,BLACK
14-Dec-16,42XX,W,CERMAK RD,17346432,720 ILCS 570.0/402-C,PCS - POSSESSION - POSS AMT CON SUB EXCEPT (A)(D),43,BLACK
7-Aug-15,69XX,S,MAPLEWOOD AVE,17099517,725 ILCS 5.0/110-3,ISSUANCE OF WARRANT,19,BLACK
29-Jun-15,11XX,S,SACRAMENTO BLVD,17076093,1-4-145-A,FAILURE TO APPEAR IN COURT,31,BLACK
16-Aug-15,52XX,S,INDIANA AVE,17105006,625 ILCS 5.0/11-204.1-A-4,IVC - AGG FLEEING/2+ CON DEVICES,26,BLACK
21-Feb-17,32XX,W,WALNUT ST,17377303,720 ILCS 570.0/402-C,PCS - POSSESSION - POSS AMT CON SUB EXCEPT (A)(D),49,BLACK
4-Aug-16,51XX,S,PRAIRIE AVE,17287549,9-52-020,RIDING BICYCLE ON SIDEWALK,28,BLACK
24-Nov-15,2XX,S,WESTERN AVE,17161901,720 ILCS 550.0/4-A,CANNABIS - POSSESS LESS THAN 2.5 GRMS,23,BLACK
4-Nov-15,16XX,W,JONQUIL TER,17151501,720 ILCS 570.0/402-C,PCS - POSSESSION - POSS AMT CON SUB EXCEPT (A)(D),52,BLACK
27-Oct-16,12XX,N,LOCKWOOD AVE,17325848,9-52-020,RIDING BICYCLE ON SIDEWALK,58,BLACK
8-Nov-16,45XX,W,MADISON ST,17330886,725 ILCS 5.0/110-3,ISSUANCE OF WARRANT,21,BLACK
9-Nov-13,8XX,W,RANDOLPH ST,16714369,720 ILCS 5.0/12-3-A-2,BATTERY - MAKE PHYSICAL CONTACT,29,WHITE
8-Jan-13,22XX,S,PULASKI RD,16502377,720 ILCS 570.0/402-C,PCS - POSSESSION - POSS AMT CON SUB EXCEPT (A)(D),28,WHITE
15-May-16,150XX,S,WOOD ST,17246390,625 ILCS 5.0/11-1010,IVC - PEDESTRIAN - INFLUENCE DRUG/ALCOHOL,33,WHITE
28-Apr-15,23XX,S,WHIPPLE ST,17039146,9-52-020,RIDING BICYCLE ON SIDEWALK,27,WHITE
17-Nov-15,44XX,N,SHERIDAN RD,17158477,720 ILCS 600.0/3.5-A,PCS - DRUG PARAPHERNALIA - POSSESS,57,WHITE
16-Sep-12,47XX,W,LECLAIRE AVE,16425572,625 ILCS 5.0/6-303-A,DRIVING ON SUSPENDED LICENSE,38,HISPANIC
21-Nov-14,55XX,N,BROADWAY,16950302,9-52-020,RIDING BICYCLE ON SIDEWALK,22,HISPANIC
14-Feb-15,27XX,W,PETERSON AVE,16995450,625 ILCS 5.0/11-506-A,STREET RACING,25,ASIAN/PACIFIC ISLANDER
9-Apr-14,79XX,S,BENNETT AVE,16803510,9-52-020,RIDING BICYCLE ON SIDEWALK,18,BLACK
9-Mar-14,13XX,N,CLEVELAND AVE,16782872,10-8-515,SOLICITING UNLAWFUL BUSINESS,48,BLACK
16-Sep-12,7XX,W,118TH ST,16425776,9-52-020,RIDING BICYCLE ON SIDEWALK,21,BLACK
7-Aug-12,6XX,S,HALSTED ST,16397029,725 ILCS 5.0/110-3,ISSUANCE OF WARRANT,39,BLACK
16-Feb-13,102XX,S,YALE AVE,16528042,720 ILCS 570.0/402-C,PCS - POSSESSION - POSS AMT CON SUB EXCEPT (A)(D),38,BLACK
23-Jul-12,13XX,W,ESTES AVE,16385948,9-52-020,RIDING BICYCLE ON SIDEWALK,41,BLACK
1-Jul-13,72XX,S,YATES BLVD,16623954,720 ILCS 550.0/4-C,CANNABIS - POSSESS 10-30 GRMS,27,BLACK
8-Jan-13,39XX,W,THOMAS ST,16502327,9-52-020,RIDING BICYCLE ON SIDEWALK,44,BLACK
9-Oct-12,120XX,S,EMERALD AVE,16443488,720 ILCS 550.0/4-C,CANNABIS - POSSESS 10-30 GRMS,23,BLACK
31-May-14,32XX,W,CHICAGO AVE,16837544,720 ILCS 570.0/402-C,PCS - POSSESSION - POSS AMT CON SUB EXCEPT (A)(D),45,BLACK
23-Oct-14,93XX,S,COTTAGE GROVE AVE,16932827,720 ILCS 5.0/24-1.8-A-1,UNLAW POSS OF FIREARM BY STREET GANG MEMBER ON PERSON,18,BLACK
17-May-13,4XX,E,PERSHING RD,16591784,720 ILCS 570.0/402-C,PCS - POSSESSION - POSS AMT CON SUB EXCEPT (A)(D),52,BLACK
22-Dec-12,10XX,,MADISON,16492890,625 ILCS 5.0/6-303-A,DRIVING ON SUSPENDED LICENSE,60,BLACK
12-Dec-12,14XX,S,KEDZIE AVE,16486956,720 ILCS 570.0/402-C,PCS - POSSESSION - POSS AMT CON SUB EXCEPT (A)(D),34,BLACK
19-Aug-13,29XX,E,80TH PL,16657861,9-52-020,RIDING BICYCLE ON SIDEWALK,21,BLACK
9-Aug-14,20XX,W,67TH PL,16884727,9-52-020,RIDING BICYCLE ON SIDEWALK,28,BLACK
18-Jun-14,36XX,S,GILES AVE,16849941,720 ILCS 570.0/402-C,PCS - POSSESSION - POSS AMT CON SUB EXCEPT (A)(D),53,BLACK
4-Sep-14,30XX,N,MANNHEIM,16902044,720 ILCS 5.0/11-14-A,PROSTITUTION,18,BLACK
5-Aug-14,78XX,S,HOMAN AVE,16882021,720 ILCS 570.0/402-C,PCS - POSSESSION - POSS AMT CON SUB EXCEPT (A)(D),22,BLACK
21-Aug-15,29XX,W,MADISON ST,17107944,9-52-010(B),BICYCLE OBEY TRAFFIC CONTROL DEVICES,20,BLACK
12-Oct-13,104XX,S,PEORIA ST,16695978,725 ILCS 5.0/110-3,ISSUANCE OF WARRANT,21,BLACK
3-Nov-13,8XX,N,CICERO AVE,16710289,9-52-020,RIDING BICYCLE ON SIDEWALK,34,BLACK
18-Aug-13,32XX,W,DIVISION ST,16657101,720 ILCS 570.0/402-C,PCS - POSSESSION - POSS AMT CON SUB EXCEPT (A)(D),46,BLACK
25-Oct-13,11XX,N,ORLEANS ST,16703907,720 ILCS 600.0/3.5-A,PCS - DRUG PARAPHERNALIA - POSSESS,57,BLACK
2-May-15,83XX,S,ADA ST,17041762,9-52-020,RIDING BICYCLE ON SIDEWALK,20,BLACK
15-Jul-14,9XX,W,119TH ST,16867700,720 ILCS 550.0/4-B,CANNABIS - POSSESS 2.5-10 GRMS,21,BLACK
10-Oct-15,8XX,E,BOWEN AVE,17137348,720 ILCS 550.0/4-C,CANNABIS - POSSESS CANNABIS/10-30 GRAMS/SUBQ,34,BLACK
3-Dec-16,52XX,W,MADISON ST,17342127,9-76-160(A),DISPLAY ST REG-FRONT/REAR,21,BLACK
17-May-16,32XX,W,WASHINGTON BLVD,17247104,720 ILCS 5.0/24-1.1-A,"UUW - WEAPON - FELON, POSSESS/USE FIREARM",27,BLACK
27-Jun-13,12XX,W,107TH ST,16621068,720 ILCS 550.0/4-D,CANNABIS - POSSESS 30-500 GRMS,33,BLACK
1-Dec-16,59XX,S,ASHLAND AVE,17341292,725 ILCS 5.0/110-3,ISSUANCE OF WARRANT,53,BLACK
2-Aug-15,9XX,E,80TH ST,17096650,1-4-145-A,FAILURE TO APPEAR IN COURT,41,BLACK
7-Apr-14,29XX,E,79TH ST,16802140,725 ILCS 5.0/110-3,ISSUANCE OF WARRANT,39,BLACK
30-Jun-15,66XX,S,HALSTED ST,17076424,725 ILCS 5.0/110-3,ISSUANCE OF WARRANT,18,BLACK
30-May-16,19XX,S,SAWYER AVE,17254812,9-52-020,RIDING BICYCLE ON SIDEWALK,43,BLACK
30-May-16,4XX,E,OAKWOOD BLVD,17254525,725 ILCS 5.0/110-3,ISSUANCE OF WARRANT,34,BLACK
8-Apr-16,79XX,S,LUELLA AVE,17226920,725 ILCS 5.0/110-3,ISSUANCE OF WARRANT,27,BLACK
22-Sep-15,36XX,W,DOUGLAS BLVD,17126543,720 ILCS 5.0/12-3-A-2,BATTERY - MAKE PHYSICAL CONTACT,25,BLACK
14-Oct-15,24XX,W,70TH ST,17139267,720 ILCS 5.0/16-2,THEFT LOST/MISLAID/PROP/<$500,18,BLACK
7-Mar-16,2XX,S,LARAMIE AVE,17210528,9-40-130,OBSTRUCTION OF TRAFFIC BY MOTORIST,32,BLACK
25-Jul-16,83XX,S,COTTAGE GROVE AVE,17282634,725 ILCS 5.0/110-3,ISSUANCE OF WARRANT,35,BLACK
12-Jun-16,39XX,W,CHICAGO AVE,17261573,720 ILCS 550.0/4-A,CANNABIS - POSSESS LESS THAN 2.5 GRMS,23,BLACK
29-Mar-17,53XX,W,MADISON ST,17394264,1-4-145-A,FAILURE TO APPEAR IN COURT,25,BLACK
25-Dec-15,58XX,S,ASHLAND AVE,17176304,720 ILCS 5.0/31-1-A,RESISTING/OBSTRUCT/PC OFF/CORR EMP/FRFTR,34,BLACK
20-Aug-16,45XX,W,CONGRESS PKWY,17294629,720 ILCS 570.0/402-C,PCS - POSSESSION - POSS AMT CON SUB EXCEPT (A)(D),61,BLACK
1-Nov-15,15XX,W,GARFIELD BLVD,17149719,720 ILCS 570.0/401-D-I,OTHER AMT NARCOTIC SCHED I&II,41,BLACK
22-Nov-15,59XX,W,WASHINGTON BLVD,17161073,720 ILCS 570.0/401-A-1-A,MFG/DEL15<100 GR HEROIN/ANLG,21,BLACK
17-Jul-16,34XX,W,LEXINGTON ST,17278916,720 ILCS 570.0/402-C,PCS - POSSESSION - POSS AMT CON SUB EXCEPT (A)(D),23,BLACK
23-Feb-17,9XX,E,82ND ST,17378400,720 ILCS 5.0/31-1A-B,ATTEMPT DISARM PC OFF/CORR INST EMP,28,BLACK
9-Jul-15,53XX,W,QUINCY ST,17082160,720 ILCS 5.0/12-5-A,RECKLESS CONDUCT,24,BLACK
13-Oct-15,23XX,W,WASHINGTON BLVD,17138707,9-52-020,RIDING BICYCLE ON SIDEWALK,22,BLACK
15-Mar-15,10XX,N,LAMON AVE,17012463,720 ILCS 570.0/402-C,PCS - POSSESSION - POSS AMT CON SUB EXCEPT (A)(D),47,BLACK
8-Mar-17,50XX,W,CONCORD PL,17384241,725 ILCS 5.0/110-3,ISSUANCE OF WARRANT,27,BLACK
30-Jul-15,2XX,S,LOTUS AVE,17094718,9-52-020,RIDING BICYCLE ON SIDEWALK,48,BLACK
4-Mar-17,XX,S,CICERO AVE,17382534,720 ILCS 5.0/24-1.1-A,UUW - WEAPON - FELON POSS/USE FIREARM/PAROLE,22,BLACK
27-Jul-12,22XX,N,SACRAMENTO AVE,16389465,720 ILCS 550.0/4-A,CANNABIS - POSSESS LESS THAN 2.5 GRMS,20,HISPANIC
22-Jun-15,29XX,W,CHICAGO AVE,17071876,720 ILCS 5.0/16-1-A-1-C,THEFT CONTROL PROB DPRV <$500,31,HISPANIC
11-Sep-12,15XX,N,CENTRAL PARK AVE,16421873,720 ILCS 570.0/402-C,PCS - POSSESSION - POSS AMT CON SUB EXCEPT (A)(D),46,HISPANIC
30-Jan-13,39XX,W,18TH ST,16516575,720 ILCS 570.0/402-C,PCS - POSSESSION - POSS AMT CON SUB EXCEPT (A)(D),54,HISPANIC
3-Jul-13,32XX,W,MONTROSE AVE,16624748,725 ILCS 225.0/13,FUGITIVE FROM JUSTICE - OUT OF STATE WARRANT,24,HISPANIC
22-Sep-14,31XX,S,ARCHER AVE,16913301,720 ILCS 550.0/4-D,CANNABIS - POSSESS 30-500 GRMS,19,HISPANIC
20-Apr-17,22XX,S,SACRAMENTO AVE,17404597,8-26-020-A,GUN OFFENDER DUTY TO REGISTER AND TO VERITY,24,HISPANIC
6-Apr-16,22XX,S,KILDARE AVE,17226266,720 ILCS 570.0/402-C,PCS - POSSESSION - POSS AMT CON SUB EXCEPT (A)(D),22,HISPANIC
4-Aug-16,64XX,N,SACRAMENTO AVE,17287283,725 ILCS 5.0/110-3,ISSUANCE OF WARRANT,22,HISPANIC
15-Oct-13,56XX,S,NARRAGANSETT AVE,16697326,720 ILCS 570.0/402-C,PCS - POSSESSION - POSS AMT CON SUB EXCEPT (A)(D),37,HISPANIC
15-Feb-17,36XX,W,DIVISION ST,17374304,720 ILCS 570.0/402-C,PCS - POSSESSION - POSS AMT CON SUB EXCEPT (A)(D),33,HISPANIC
23-Mar-14,44XX,W,CHICAGO AVE,16792297,725 ILCS 225.0/13,FUGITIVE FROM JUSTICE - OUT OF STATE WARRANT,20,HISPANIC
30-Jul-12,19XX,W,EVERGREEN AVE,16391478,720 ILCS 550.0/4-B,CANNABIS - POSSESS 2.5-10 GRMS,60,BLACK
11-Sep-12,78XX,S,DR MARTIN LUTHER KING JR DR,16421799,720 ILCS 5.0/31-4.5-A,OBSTRUCTING IDENTIFICATION,21,BLACK
20-Jun-13,57XX,S,MICHIGAN AVE,16615803,720 ILCS 5.0/12-5-A,RECKLESS CONDUCT,18,BLACK
1-Oct-12,77XX,S,HERMITAGE AVE,16436490,720 ILCS 550.0/4-B,CANNABIS - POSSESS 2.5-10 GRMS,19,BLACK
19-Sep-12,80XX,S,ASHLAND AVE,16427442,9-52-020,RIDING BICYCLE ON SIDEWALK,50,BLACK
21-Jan-13,10XX,N,SPRINGFIELD AVE,16510916,720 ILCS 600.0/3.5-A,PCS - DRUG PARAPHERNALIA - POSSESS,51,BLACK
2-Feb-13,2XX,S,CICERO AVE,16518505,625 ILCS 5.0/6-303-A,DRIVING RVK/SUSP DUI/SSS 10-14,43,BLACK
23-Aug-12,105XX,S,LA SALLE ST,16407598,9-52-020,RIDING BICYCLE ON SIDEWALK,19,BLACK
29-Jun-14,37XX,W,ROOSEVELT RD,16857552,9-52-020,RIDING BICYCLE ON SIDEWALK,26,BLACK
10-Aug-14,12XX,W,71ST PL,16885436,720 ILCS 550.0/4-D,CANNABIS - POSSESS 30-500 GRMS,53,BLACK
10-Oct-14,18XX,W,MARQUETTE RD,16924728,9-52-020,RIDING BICYCLE ON SIDEWALK,41,BLACK
16-Sep-14,31XX,W,MADISON ST,16909093,725 ILCS 5.0/110-3,ISSUANCE OF WARRANT,46,BLACK
27-Aug-14,5XX,N,LEAMINGTON AVE,16896226,720 ILCS 570.0/402-C,PCS - POSSESSION - POSS AMT CON SUB EXCEPT (A)(D),25,BLACK
16-Nov-14,4XX,S,HAMLIN BLVD,16947589,720 ILCS 550.0/4-A,CANNABIS - POSSESS LESS THAN 2.5 GRMS,25,BLACK
7-Nov-13,18XX,E,67TH ST,16712921,720 ILCS 570.0/402-C,PCS - POSSESSION - POSS AMT CON SUB EXCEPT (A)(D),53,BLACK
1-Oct-14,19XX,W,63RD ST,16918727,725 ILCS 5.0/110-3,ISSUANCE OF WARRANT,26,BLACK
30-Oct-13,10XX,W,MONTROSE AVE,16707320,730 ILCS 150.0/3-A,VIOLATE SEX OFFENDER REGIS/2+,36,BLACK
20-Jan-15,48XX,W,ADAMS ST,16980730,725 ILCS 5.0/110-3,ISSUANCE OF WARRANT,49,BLACK
5-Jun-14,110XX,S,WENTWORTH AVE,16841070,9-52-020,RIDING BICYCLE ON SIDEWALK,19,BLACK
3-Apr-14,63XX,S,MOZART ST,16799293,720 ILCS 550.0/4-B,CANNABIS - POSSESS 2.5-10 GRMS,38,BLACK
29-May-15,63XX,S,ASHLAND AVE,17058280,720 ILCS 5.0/31-1-A,RESISTING/OBSTRUCT/PC OFF/CORR EMP/FRFTR,22,BLACK
12-May-14,81XX,S,INGLESIDE AVE,16825115,9-52-010(B),BICYCLE OBEY TRAFFIC CONTROL DEVICES,36,BLACK
30-Jan-15,8XX,N,CENTRAL PARK AVE,16987692,720 ILCS 570.0/402-C,PCS - POSSESSION - POSS AMT CON SUB EXCEPT (A)(D),58,BLACK
4-Feb-15,XX,W,105TH ST,16989954,1-4-145-A,FAILURE TO APPEAR IN COURT,22,BLACK
14-Apr-14,7XX,E,111TH ST,16806723,720 ILCS 5.0/33D-1-A,CONTRIB CRIM DELINQ MINOR/CL 4,27,BLACK
26-Aug-15,56XX,S,ARTESIAN AVE,17110678,9-52-020,RIDING BICYCLE ON SIDEWALK,21,BLACK
25-Jan-15,39XX,N,CLARK ST,16984460,720 ILCS 5.0/12-3-A-2,BATTERY - MAKE PHYSICAL CONTACT,50,BLACK
15-Feb-17,119XX,S,LOWE AVE,17374168,725 ILCS 5.0/110-3,ISSUANCE OF WARRANT,24,BLACK
29-Jun-15,12XX,W,79TH ST,17076329,720 ILCS 600.0/3.5-A,PCS - DRUG PARAPHERNALIA - POSSESS,53,BLACK
8-Jun-16,56XX,S,ABERDEEN ST,17259386,9-52-020,RIDING BICYCLE ON SIDEWALK,18,BLACK
16-May-17,96XX,S,MERRION AVE,17416818,725 ILCS 5.0/110-3,ISSUANCE OF WARRANT,24,BLACK
18-Aug-15,117XX,S,PRINCETON AVE,17105806,720 ILCS 5.0/12-2-B-4,AGG ASSAULT PC OFFICER/VOLUNTEER,25,BLACK
21-Jan-15,46XX,S,HONORE ST,16982076,720 ILCS 5.0/24-1.6-A-2,AGG UUW/PERS/FIR LOADED/FOID,19,BLACK
29-Jul-16,43XX,W,CHICAGO AVE,17284623,625 ILCS 5.0/6-303-A,DRIVING ON REVOKED LICENSE,44,BLACK
23-Jun-16,55XX,W,HARRISON ST,17267316,725 ILCS 5.0/110-3,ISSUANCE OF WARRANT,46,BLACK
1-Aug-16,45XX,N,BROADWAY,17286101,725 ILCS 5.0/110-3,ISSUANCE OF WARRANT,40,BLACK
3-Jun-16,12XX,W,56TH ST,17257089,720 ILCS 5.0/31-1-A,RESISTING/OBSTRUCT/PC OFF/CORR EMP/FRFTR,38,BLACK
7-Aug-16,46XX,W,MAYPOLE AVE,17288766,430 ILCS 65.0/2-A-2,POSS AMMUNITION - W/O VALID FOID,18,BLACK
17-Feb-17,8XX,N,LARAMIE AVE,17375098,9-52-020,RIDING BICYCLE ON SIDEWALK,54,BLACK
25-Aug-16,24XX,W,LEXINGTON ST,17297162,720 ILCS 5.0/31-1-A,RESISTING/OBSTRUCT/PC OFF/CORR EMP/FRFTR,22,BLACK
26-Mar-17,15XX,N,CLYBOURN AVE,17392645,725 ILCS 5.0/110-3,ISSUANCE OF WARRANT,54,BLACK
27-Feb-17,4XX,N,WESTERN AVE,17380256,725 ILCS 5.0/110-3,ISSUANCE OF WARRANT,54,BLACK
26-Sep-16,79XX,S,JEFFERY BLVD,17312320,725 ILCS 5.0/110-3,ISSUANCE OF WARRANT,27,BLACK
21-May-16,4XX,W,102ND ST,17249786,720 ILCS 5.0/21-3-A-2,CRIMINAL TRESPASS TO LAND,26,BLACK
24-Oct-16,XX,N,CICERO AVE,17324810,720 ILCS 5.0/12-3.2-A-1,DOMESTIC BATTERY - BODILY HARM,20,BLACK
1-Feb-16,24XX,W,NORTH AVE,17193292,720 ILCS 5.0/24-1-A-4,UUW - CARRY/POSSESS FIREARM/1ST,19,BLACK
29-Oct-14,37XX,W,FLOURNOY ST,16936669,9-52-020,RIDING BICYCLE ON SIDEWALK,40,AMER IND/ALASKAN NATIVE
27-Jan-17,85XX,S,ABERDEEN ST,17364762,725 ILCS 225.0/13,FUGITIVE FROM JUSTICE - OUT OF STATE WARRANT,26,WHITE
24-Aug-15,45XX,W,MONTANA ST,17109507,720 ILCS 550.0/4-B,CANNABIS - POSSESS 2.5-10 GRMS,35,WHITE
3-Apr-17,3XX,W,35TH ST,17396558,625 ILCS 5.0/11-501-A-2,IVC - DRIVING UNDER INFLUENCE OF ALCOHOL,30,WHITE
16-Sep-16,42XX,W,ARMITAGE AVE,17307425,720 ILCS 5.0/25-5-A-4,STREETGANG CONTACT/PAROLE,52,HISPANIC
29-Apr-15,13XX,N,MAYFIELD AVE,17040147,720 ILCS 570.0/402-C,PCS - POSSESSION - POSS AMT CON SUB EXCEPT (A)(D),28,HISPANIC
1-Dec-15,48XX,W,DIVERSEY AVE,17164792,1-4-145-A,FAILURE TO APPEAR IN COURT,62,HISPANIC
2-Oct-12,50XX,W,CHICAGO AVE,16436832,725 ILCS 5.0/110-3,ISSUANCE OF WARRANT,34,HISPANIC
21-Oct-13,24XX,N,KEELER AVE,16701733,720 ILCS 5.0/31-4.5-A,OBSTRUCTING IDENTIFICATION,24,HISPANIC
9-May-16,9XX,W,18TH ST,17242948,9-52-020,RIDING BICYCLE ON SIDEWALK,50,HISPANIC
2-Aug-16,25XX,W,PETERSON AVE,17286297,720 ILCS 5.0/19-1-A,BURGLARY,47,HISPANIC
