time,latitude,longitude,depth,mag,magType,nst,gap,dmin,rms,net,id,updated,place,type,horizontalError,depthError,magError,magNst,status,locationSource,magSource
2017-05-03T01:58:56.924Z,59.8048,-136.8335,0,3.1,ml,,,,0.59,ak,ak15880850,2017-05-03T02:03:56.653Z,"94km WNW of Skagway, Alaska",earthquake,,0.3,,,automatic,ak,ak
2017-05-03T01:35:24.350Z,39.3981667,-120.2555008,5.6,2.42,md,21,73,0.1314,0.05,nc,nc72796130,2017-05-03T01:57:52.525Z,"10km NW of Truckee, California",earthquake,0.21,1,0.26,19,automatic,nc,nc
2017-05-03T01:26:38.608Z,59.897,-136.7109,0,2,ml,,,,0.82,ak,ak15880839,2017-05-03T01:30:12.544Z,"92km WNW of Skagway, Alaska",earthquake,,0.4,,,automatic,ak,ak
2017-05-03T01:24:02.260Z,37.2468338,-121.635498,2.98,2.57,md,58,43,0.03238,0.07,nc,nc72796125,2017-05-03T01:57:30.367Z,"13km N of Morgan Hill, California",earthquake,0.14,0.34,0.09,63,automatic,nc,nc
2017-05-03T01:18:05.540Z,38.8301659,-122.8081665,1.75,1.11,md,17,74,0.006923,0.02,nc,nc72796120,2017-05-03T01:29:04.429Z,"7km W of Cobb, California",earthquake,0.27,0.4,0.08,4,automatic,nc,nc
2017-05-03T01:09:48.270Z,38.8286667,-122.809166,1.94,1.92,md,27,61,0.005312,0.03,nc,nc72796110,2017-05-03T01:16:03.382Z,"7km W of Cobb, California",earthquake,0.2,0.3,0.19,12,automatic,nc,nc
2017-05-03T01:09:33.611Z,59.8425,-136.6498,1.1,1.9,ml,,,,0.53,ak,ak15880830,2017-05-03T01:17:08.664Z,"86km WNW of Skagway, Alaska",earthquake,,0.3,,,automatic,ak,ak
2017-05-03T00:59:31.630Z,34.2318333,-117.4941667,8.17,1.11,ml,33,43,0.02497,0.21,ci,ci37638535,2017-05-03T01:03:13.733Z,"16km NNW of Fontana, California",earthquake,0.27,0.79,0.277,29,automatic,ci,ci
2017-05-03T00:59:06.336Z,59.8954,-136.9635,0,2,ml,,,,0.8,ak,ak15880824,2017-05-03T01:06:29.149Z,"100km SSE of Haines Junction, Canada",earthquake,,0.4,,,automatic,ak,ak
2017-05-03T00:56:29.729Z,62.9229,-150.9244,102.2,2,ml,,,,0.47,ak,ak15880820,2017-05-03T01:01:40.255Z,"78km NNW of Talkeetna, Alaska",earthquake,,0.8,,,automatic,ak,ak
2017-05-03T00:42:47.854Z,59.7785,-136.6791,0,2,ml,,,,0.67,ak,ak15880818,2017-05-03T00:48:26.294Z,"84km WNW of Skagway, Alaska",earthquake,,0.3,,,automatic,ak,ak
2017-05-03T00:39:03.541Z,65.0114,-147.3307,10.9,1.1,ml,,,,1.1,ak,ak15880815,2017-05-03T00:44:59.794Z,"25km NNE of Badger, Alaska",earthquake,,0.4,,,automatic,ak,ak
2017-05-03T00:25:59.995Z,59.7881,-136.7106,0,2,ml,,,,0.86,ak,ak15880813,2017-05-03T00:29:21.708Z,"86km WNW of Skagway, Alaska",earthquake,,0.3,,,automatic,ak,ak
2017-05-03T00:12:18.900Z,19.3649998,-155.4878387,8.15,2.13,ml,36,40,0.02974,0.24,hv,hv61727376,2017-05-03T00:17:56.730Z,"17km N of Pahala, Hawaii",earthquake,0.39,0.84,0.31,3,automatic,hv,hv
2017-05-03T00:09:41.895Z,59.7807,-136.3625,4,3,ml,,,,0.81,ak,ak15880807,2017-05-03T00:14:43.833Z,"69km WNW of Skagway, Alaska",earthquake,,0.3,,,automatic,ak,ak
2017-05-03T00:08:17.682Z,59.7856,-136.8176,0,1.9,ml,,,,0.88,ak,ak15880805,2017-05-03T00:11:16.728Z,"92km WNW of Skagway, Alaska",earthquake,,0.4,,,automatic,ak,ak
2017-05-02T23:57:20.455Z,59.8447,-136.8185,0,1.8,ml,,,,0.86,ak,ak15880802,2017-05-03T00:01:29.853Z,"95km WNW of Skagway, Alaska",earthquake,,0.4,,,automatic,ak,ak
2017-05-02T23:51:30.020Z,37.5891667,-121.7055,3.62,1.53,md,24,95,0.05246,0.07,nc,nc72796095,2017-05-03T01:33:03.564Z,"11km SSE of Livermore, California",earthquake,0.25,0.46,0.1,20,reviewed,nc,nc
2017-05-02T23:24:00.929Z,59.7747,-136.6773,0,1.9,ml,,,,0.96,ak,ak15879860,2017-05-02T23:29:02.929Z,"84km WNW of Skagway, Alaska",earthquake,,0.4,,,automatic,ak,ak
2017-05-02T23:23:51.200Z,35.0351667,-117.6758333,-0.82,1.74,ml,20,58,0.1019,0.12,ci,ci37638519,2017-05-03T00:35:31.591Z,"4km NNW of Boron, California",quarry blast,0.29,31.61,0.183,28,reviewed,ci,ci
2017-05-02T23:13:09.693Z,59.777,-136.7012,0,1.7,ml,,,,0.64,ak,ak15879858,2017-05-02T23:19:47.994Z,"85km WNW of Skagway, Alaska",earthquake,,0.4,,,automatic,ak,ak
2017-05-02T23:02:41.937Z,59.7701,-136.6666,0,1.6,ml,,,,0.88,ak,ak15879851,2017-05-02T23:08:21.457Z,"83km WNW of Skagway, Alaska",earthquake,,0.4,,,automatic,ak,ak
2017-05-02T22:58:40.731Z,59.8462,-136.5664,0,1.4,ml,,,,0.79,ak,ak15879850,2017-05-02T23:02:28.086Z,"82km WNW of Skagway, Alaska",earthquake,,0.4,,,automatic,ak,ak
2017-05-02T22:56:17.283Z,59.803,-136.6956,0.1,1.4,ml,,,,0.89,ak,ak15879849,2017-05-02T23:00:47.041Z,"86km WNW of Skagway, Alaska",earthquake,,0.5,,,automatic,ak,ak
2017-05-02T22:56:07.380Z,33.0838333,-114.988,-0.15,1.62,ml,6,206,0.1116,0.1,ci,ci37638495,2017-05-03T00:17:32.566Z,"47km NE of Holtville, California",quarry blast,0.71,31.61,0.163,8,reviewed,ci,ci
2017-05-02T22:47:29.890Z,35.3244,26.8438,10.56,4,mb,,116,0.341,0.99,us,us10008nmd,2017-05-02T23:05:57.040Z,"39km WSW of Karpathos, Greece",earthquake,4.5,5.5,0.093,31,reviewed,us,us
2017-05-02T22:46:43.020Z,32.9051667,-116.2645,14.47,0.95,ml,14,93,0.1334,0.13,ci,ci37638479,2017-05-03T00:13:43.394Z,"26km ENE of Pine Valley, California",earthquake,0.31,0.87,0.134,15,reviewed,ci,ci
2017-05-02T22:42:43.260Z,59.8145,-136.5786,0,2.4,ml,,,,0.83,ak,ak15879840,2017-05-02T22:46:59.908Z,"81km WNW of Skagway, Alaska",earthquake,,0.3,,,automatic,ak,ak
2017-05-02T22:31:08.237Z,63.0519,-149.2585,70.1,1.5,ml,,,,0.68,ak,ak15879838,2017-05-02T22:35:03.568Z,"40km SSW of Cantwell, Alaska",earthquake,,0.6,,,automatic,ak,ak
2017-05-02T22:22:28.030Z,59.7759,-136.6597,2.31,3,ml,,114,0.565,0.94,us,us10008nm1,2017-05-02T22:34:42.040Z,"83km WNW of Skagway, Alaska",earthquake,2.8,9.8,0.055,43,reviewed,us,us
2017-05-02T22:18:52.010Z,36.2316667,-89.4696667,4.54,2.4,md,36,37,0.03986,0.2,nm,nm60165817,2017-05-03T01:46:33.807Z,"3km SSE of Ridgely, Tennessee",earthquake,0.28,0.32,0.415,17,reviewed,nm,nm
2017-05-02T22:16:39.940Z,59.82,-136.7795,0,2.5,ml,,,,0.59,ak,ak15879832,2017-05-02T22:20:25.654Z,"91km WNW of Skagway, Alaska",earthquake,,0.3,,,automatic,ak,ak
2017-05-02T22:16:10.360Z,43.3651667,-123.1426667,-0.57,1.4,ml,4,157,0.07462,0.1,uw,uw61277656,2017-05-02T22:50:42.440Z,"7km NNW of Glide, Oregon",explosion,1.32,31.61,0.09,2,reviewed,uw,uw
2017-05-02T22:14:30.126Z,59.7845,-136.6986,0,1.7,ml,,,,0.62,ak,ak15878894,2017-05-02T22:18:44.580Z,"86km WNW of Skagway, Alaska",earthquake,,0.5,,,automatic,ak,ak
2017-05-02T22:10:34.840Z,19.4056664,-155.2841644,1.51,2.52,md,17,63,0.007034,0.14,hv,hv61727121,2017-05-02T22:13:33.010Z,"5km WSW of Volcano, Hawaii",earthquake,0.17,0.33,0.08,10,automatic,hv,hv
2017-05-02T21:43:34.640Z,46.9658333,-120.3625,-0.56,1.33,ml,8,197,0.2605,0.19,uw,uw61277631,2017-05-02T22:02:19.670Z,"4km ESE of Kittitas, Washington",explosion,1.16,31.61,0.052,5,reviewed,uw,uw
2017-05-02T21:37:23.018Z,50.8943,-178.8727,105.2,2.5,ml,,,,0.03,ak,ak15878883,2017-05-03T01:59:27.645Z,"44km SSE of Amatignak Island, Alaska",earthquake,,12,,,reviewed,ak,ak
2017-05-02T21:31:23.970Z,19.2224998,-155.414505,33.97,2,md,37,144,0.02193,0.14,hv,hv61726941,2017-05-02T21:34:52.490Z,"7km ENE of Pahala, Hawaii",earthquake,0.49,0.55,0.15,9,automatic,hv,hv
2017-05-02T21:29:47.150Z,19.560667,-155.1768341,10.31,2.22,ml,9,208,0.1804,0.38,hv,hv61726936,2017-05-02T21:35:28.050Z,"7km W of Mountain View, Hawaii",earthquake,3.56,13.62,0.2,14,automatic,hv,hv
2017-05-02T21:24:17.699Z,51.4899,-178.5063,6.5,1.8,ml,,,,0.52,ak,ak15878872,2017-05-03T01:52:03.885Z,"48km ENE of Amatignak Island, Alaska",earthquake,,3,,,reviewed,ak,ak
2017-05-02T21:16:54.070Z,49.4771667,-120.5456667,-1.5,2.27,ml,11,273,0.9705,0.26,uw,uw61277616,2017-05-02T21:58:39.060Z,"3km NW of Princeton, Canada",explosion,3.42,31.61,0.168,9,reviewed,uw,uw
2017-05-02T21:12:55.100Z,39.253,-120.1735,0,2.9,mh,0,355,1.871,4.07,nc,nc72796075,2017-05-03T00:26:07.250Z,"8km S of Truckee, California",sonic boom,98.99,77.55,,0,reviewed,nc,nc
2017-05-02T21:12:11.540Z,35.8557,60.5732,10,5.1,mb,,53,2.005,0.79,us,us10008nl9,2017-05-02T23:34:38.497Z,"68km N of Torbat-e Jam, Iran",earthquake,6.6,1.9,0.05,133,reviewed,us,us
2017-05-02T21:11:54.423Z,59.7335,-136.7323,0,2,ml,,,,0.71,ak,ak15877930,2017-05-02T21:16:33.741Z,"85km WNW of Skagway, Alaska",earthquake,,0.3,,,automatic,ak,ak
2017-05-02T21:08:52.077Z,59.7634,-136.6688,0,1.6,ml,,,,0.81,ak,ak15877929,2017-05-02T21:13:11.626Z,"83km WNW of Skagway, Alaska",earthquake,,0.4,,,automatic,ak,ak
2017-05-02T20:56:49.320Z,59.9408,-136.8483,0.1,2.1,ml,,,,0.53,ak,ak15877924,2017-05-02T21:01:25.867Z,"97km SSE of Haines Junction, Canada",earthquake,,0.4,,,automatic,ak,ak
2017-05-02T20:54:37.600Z,38.8256683,-122.7998352,2.44,1.18,md,16,75,0.008314,0.02,nc,nc72796055,2017-05-02T21:38:03.180Z,"6km W of Cobb, California",earthquake,0.27,0.54,0.18,4,automatic,nc,nc
2017-05-02T20:53:40.120Z,38.8266667,-122.7976667,2.58,2.3,md,69,41,0.01023,0.04,nc,nc72796050,2017-05-03T00:42:02.285Z,"6km W of Cobb, California",earthquake,0.12,0.18,0.182,41,reviewed,nc,nc
2017-05-02T20:49:47.840Z,59.748,-136.76,4.96,2.9,ml,,93,0.51,1.08,us,us10008nky,2017-05-02T21:37:19.040Z,"87km WNW of Skagway, Alaska",earthquake,2.6,8,0.049,54,reviewed,us,us
2017-05-02T20:39:26.891Z,59.7993,-136.7334,0,2.4,ml,,,,0.71,ak,ak15877919,2017-05-02T20:44:06.500Z,"88km WNW of Skagway, Alaska",earthquake,,0.3,,,automatic,ak,ak
2017-05-02T20:07:27.388Z,66.014,-147.8382,4.6,1.6,ml,,,,0.81,ak,ak15876977,2017-05-02T20:21:05.363Z,"129km N of College, Alaska",earthquake,,0.2,,,automatic,ak,ak
2017-05-02T20:02:46.120Z,-9.6058,111.8188,12.69,4.6,mb,,72,2.114,1.22,us,us10008nkc,2017-05-02T21:14:41.040Z,"147km SSW of Tambakrejo, Indonesia",earthquake,6.5,4.6,0.067,69,reviewed,us,us
2017-05-02T19:52:59.470Z,59.7828,-136.5877,5.86,2.6,ml,,90,0.602,0.57,us,us10008ngx,2017-05-02T21:04:00.040Z,"80km WNW of Skagway, Alaska",earthquake,2,8,0.058,39,reviewed,us,us
2017-05-02T19:50:42.679Z,59.7783,-136.7298,1.1,1.8,ml,,,,0.97,ak,ak15876953,2017-05-02T19:54:24.380Z,"87km WNW of Skagway, Alaska",earthquake,,0.3,,,automatic,ak,ak
2017-05-02T19:40:05.717Z,59.8902,-136.7248,0,2.3,ml,,,,0.86,ak,ak15876951,2017-05-02T19:44:41.141Z,"92km WNW of Skagway, Alaska",earthquake,,0.2,,,automatic,ak,ak
2017-05-02T19:32:41.438Z,59.7702,-136.6757,0,1.8,ml,,,,0.93,ak,ak15876950,2017-05-02T19:39:49.240Z,"84km WNW of Skagway, Alaska",earthquake,,0.5,,,automatic,ak,ak
2017-05-02T19:30:06.360Z,32.7708333,-116.8876667,-0.36,1.22,ml,22,76,0.05798,0.23,ci,ci37638351,2017-05-02T21:14:12.815Z,"3km SSE of Granite Hills, California",quarry blast,0.41,31.61,0.26,11,reviewed,ci,ci
2017-05-02T19:28:10.820Z,47.0428333,-120.4233333,-0.49,1.62,ml,11,163,0.2992,0.31,uw,uw61277601,2017-05-02T21:27:10.690Z,"6km N of Kittitas, Washington",explosion,1.04,31.61,0.007,4,reviewed,uw,uw
2017-05-02T19:27:52.700Z,59.7527,-136.6946,6.9,2.9,ml,,93,0.543,0.72,us,us10008naa,2017-05-02T20:57:55.040Z,"84km WNW of Skagway, Alaska",earthquake,3.3,6.9,0.052,49,reviewed,us,us
2017-05-02T19:27:02.005Z,59.8011,-136.8264,0,2.5,ml,,,,0.74,ak,ak15876940,2017-05-02T19:39:48.956Z,"93km WNW of Skagway, Alaska",earthquake,,0.4,,,automatic,ak,ak
2017-05-02T19:26:44.296Z,59.7789,-136.6469,7.6,2.2,ml,,,,0.96,ak,ak15876941,2017-05-02T19:36:07.352Z,"83km WNW of Skagway, Alaska",earthquake,,0.4,,,automatic,ak,ak
2017-05-02T19:09:13.040Z,45.8981667,-111.2795,3.75,1.76,ml,16,101,0.256,0.26,mb,mb80207609,2017-05-02T19:34:54.750Z,"6km NE of Manhattan, Montana",earthquake,0.51,7.12,0.128,3,reviewed,mb,mb
2017-05-02T19:06:57.830Z,34.9845,-118.1893333,-0.86,1.2,ml,10,127,0.1103,0.15,ci,ci37638335,2017-05-02T21:06:53.772Z,"7km S of Mojave, California",quarry blast,0.51,31.61,0.089,8,reviewed,ci,ci
2017-05-02T18:56:20.870Z,34.3221667,-116.935,-1.74,1.17,ml,12,95,0.06087,0.17,ci,ci37638311,2017-05-02T20:59:04.696Z,"8km NNW of Big Bear Lake, California",quarry blast,0.59,31.61,0.112,16,reviewed,ci,ci
2017-05-02T18:55:45.000Z,47.1808333,-122.2023333,16.04,1.13,ml,11,97,0.09153,0.09,uw,uw61277586,2017-05-02T21:08:32.210Z,"1km WNW of Bonney Lake, Washington",earthquake,0.55,0.86,0.21,9,reviewed,uw,uw
2017-05-02T18:53:17.100Z,59.7761,-136.7066,0,1.7,ml,,,,0.75,ak,ak15876921,2017-05-02T19:00:11.745Z,"86km WNW of Skagway, Alaska",earthquake,,0.4,,,automatic,ak,ak
2017-05-02T18:48:01.060Z,36.6928,-97.6686,1.86,2.5,mb_lg,,51,0.22,0.26,us,us10008n5i,2017-05-03T01:36:35.410Z,"13km SSE of Medford, Oklahoma",earthquake,0.5,1.9,0.117,19,reviewed,us,us
2017-05-02T18:44:24.660Z,59.8319,-136.8331,0,1.8,ml,,,,0.89,ak,ak15876918,2017-05-02T18:47:36.358Z,"95km WNW of Skagway, Alaska",earthquake,,0.6,,,automatic,ak,ak
2017-05-02T18:41:14.039Z,59.7696,-136.6864,0,2.1,ml,,,,0.89,ak,ak15876915,2017-05-02T18:45:55.185Z,"84km WNW of Skagway, Alaska",earthquake,,0.3,,,automatic,ak,ak
2017-05-02T18:35:58.262Z,51.4202,-176.2154,17.4,2.5,ml,,,,0.33,ak,ak15876902,2017-05-03T01:32:57.831Z,"59km SSE of Adak, Alaska",earthquake,,0.9,,,reviewed,ak,ak
2017-05-02T18:24:47.782Z,38.4041,-118.9322,7.5,1.8,ml,17,49.8,0.141,0.2039,nn,nn00587752,2017-05-03T00:27:03.231Z,"29km WSW of Hawthorne, Nevada",earthquake,,2.1,0.22,6,reviewed,nn,nn
2017-05-02T18:19:57.656Z,59.7692,-136.6778,0,1.5,ml,,,,0.77,ak,ak15876898,2017-05-02T18:25:32.377Z,"84km WNW of Skagway, Alaska",earthquake,,0.4,,,automatic,ak,ak
2017-05-02T18:17:51.136Z,59.8188,-136.8225,0,1.9,ml,,,,0.61,ak,ak15876897,2017-05-02T18:25:32.656Z,"94km WNW of Skagway, Alaska",earthquake,,0.4,,,automatic,ak,ak
2017-05-02T18:10:23.733Z,59.8014,-136.6991,0.1,2,ml,,,,0.7,ak,ak15875887,2017-05-02T18:14:37.284Z,"86km WNW of Skagway, Alaska",earthquake,,0.3,,,automatic,ak,ak
2017-05-02T18:10:15.440Z,32.6808333,-115.5465,14.1,1.49,ml,17,125,0.09892,0.26,ci,ci37157924,2017-05-02T20:38:32.266Z,"4km W of Calexico, California",earthquake,0.62,1.19,0.183,9,reviewed,ci,ci
2017-05-02T18:09:57.370Z,32.7141667,-115.5491667,13.09,1.74,ml,26,74,0.0798,0.19,ci,ci37638271,2017-05-02T20:32:22.204Z,"2km SW of Heber, California",earthquake,0.34,0.59,0.269,21,reviewed,ci,ci
2017-05-02T18:09:00.200Z,32.7256667,-115.5521667,15.78,2.1,ml,30,71,0.07077,0.24,ci,ci37638263,2017-05-02T20:31:39.700Z,"2km WSW of Heber, California",earthquake,0.4,0.5,0.309,24,reviewed,ci,ci
2017-05-02T18:08:59.197Z,59.7724,-136.6886,0,1.8,ml,,,,0.63,ak,ak15875886,2017-05-02T18:12:52.124Z,"85km WNW of Skagway, Alaska",earthquake,,0.5,,,automatic,ak,ak
2017-05-02T18:07:39.330Z,35.0435,-118.3191667,-0.82,1.39,ml,21,61,0.05589,0.12,ci,ci37638255,2017-05-02T18:36:48.310Z,"13km W of Mojave, California",quarry blast,0.27,31.61,0.155,22,reviewed,ci,ci
2017-05-02T18:04:29.078Z,59.8752,-136.6978,0,1.4,ml,,,,0.8,ak,ak15875873,2017-05-02T18:07:57.500Z,"90km WNW of Skagway, Alaska",earthquake,,0.5,,,automatic,ak,ak
2017-05-02T18:01:47.847Z,59.7618,-136.6814,0,1.6,ml,,,,0.98,ak,ak15875871,2017-05-02T18:07:57.727Z,"84km WNW of Skagway, Alaska",earthquake,,0.5,,,automatic,ak,ak
2017-05-02T18:01:13.010Z,33.8185,-117.6396667,4.8,2.73,ml,94,31,0.03442,0.17,ci,ci37638239,2017-05-03T00:23:00.636Z,"9km SW of Corona, California",earthquake,0.14,0.35,0.233,26,reviewed,ci,ci
2017-05-02T17:55:41.315Z,59.7782,-136.7297,2.8,1.8,ml,,,,0.77,ak,ak15875860,2017-05-02T18:07:57.226Z,"87km WNW of Skagway, Alaska",earthquake,,0.4,,,automatic,ak,ak
2017-05-02T17:46:43.040Z,59.8029,-136.6719,10,3.9,mwr,,88,0.567,0.69,us,us10008n22,2017-05-02T22:07:45.203Z,"85km WNW of Skagway, Alaska",earthquake,2.8,1.9,0.057,30,reviewed,us,us
2017-05-02T17:46:00.070Z,19.2264996,-155.4151611,33.77,1.93,md,44,140,0.01996,0.13,hv,hv61726626,2017-05-02T17:49:14.760Z,"7km ENE of Pahala, Hawaii",earthquake,0.48,0.52,0.1,7,automatic,hv,hv
2017-05-02T17:45:08.085Z,67.339,-144.0955,7.3,1.2,ml,,,,0.83,ak,ak15875838,2017-05-02T17:48:09.311Z,"100km NNE of Fort Yukon, Alaska",earthquake,,0.4,,,automatic,ak,ak
2017-05-02T17:20:31.600Z,45.6358333,-122.7176667,15.19,1.74,ml,22,62,0.04595,0.12,uw,uw61277551,2017-05-02T17:52:34.690Z,"4km W of Vancouver, Washington",earthquake,0.3,0.58,0.126,20,reviewed,uw,uw
2017-05-02T17:17:59.970Z,38.826,-122.797,2.87,1.89,md,55,46,0.01054,0.05,nc,nc72796000,2017-05-03T00:50:04.320Z,"6km W of Cobb, California",earthquake,0.12,0.18,0.297,24,reviewed,nc,nc
2017-05-02T17:15:06.530Z,19.4398,-65.182,79,2.22,md,3,325,1.1367,0.14,pr,pr2017122007,2017-05-03T01:48:46.700Z,"124km NNW of Charlotte Amalie, U.S. Virgin Islands",earthquake,5.5,9.77,0.04,3,reviewed,pr,pr
2017-05-02T17:15:02.759Z,59.7907,-136.6969,0,1.8,ml,,,,0.64,ak,ak15875831,2017-05-02T17:19:20.298Z,"86km WNW of Skagway, Alaska",earthquake,,0.5,,,automatic,ak,ak
2017-05-02T17:12:22.484Z,61.9203,-151.4258,81.9,2.2,ml,,,,0.44,ak,ak15874917,2017-05-02T17:17:35.267Z,"75km WNW of Willow, Alaska",earthquake,,0.8,,,automatic,ak,ak
2017-05-02T17:05:04.764Z,59.8934,-136.7097,0,2.3,ml,,,,0.69,ak,ak15874915,2017-05-03T01:07:32.841Z,"92km WNW of Skagway, Alaska",earthquake,,0.3,,,automatic,ak,ak
2017-05-02T16:40:09.010Z,59.5428,-136.1836,33,2.7,ml,,,,0.85,ak,ak15874794,2017-05-02T16:44:26.346Z,"50km W of Skagway, Alaska",earthquake,,0.3,,,automatic,ak,ak
2017-05-02T16:39:36.804Z,59.7737,-136.6932,0,1.9,ml,,,,0.91,ak,ak15874792,2017-05-02T16:44:26.074Z,"85km WNW of Skagway, Alaska",earthquake,,0.4,,,automatic,ak,ak
2017-05-02T16:26:37.730Z,59.7535,-136.7052,0,2.6,ml,,,,0.75,ak,ak15874788,2017-05-02T16:37:18.765Z,"85km WNW of Skagway, Alaska",earthquake,,0.3,,,automatic,ak,ak
2017-05-02T16:14:08.573Z,59.7765,-136.6927,0,1.9,ml,,,,0.72,ak,ak15874781,2017-05-02T16:17:51.634Z,"85km WNW of Skagway, Alaska",earthquake,,0.3,,,automatic,ak,ak
2017-05-02T16:09:03.438Z,59.8999,-136.7003,0,2.7,ml,,,,0.85,ak,ak15874777,2017-05-02T16:16:07.217Z,"92km WNW of Skagway, Alaska",earthquake,,0.3,,,automatic,ak,ak
2017-05-02T16:05:06.196Z,59.7583,-136.697,0.1,2.1,ml,,,,0.66,ak,ak15874775,2017-05-02T16:10:32.855Z,"84km WNW of Skagway, Alaska",earthquake,,0.3,,,automatic,ak,ak
2017-05-02T15:59:03.953Z,59.8075,-136.5688,0,2.5,ml,,,,0.83,ak,ak15874772,2017-05-02T16:07:03.302Z,"80km WNW of Skagway, Alaska",earthquake,,0.2,,,automatic,ak,ak
2017-05-02T15:58:03.080Z,34.102,-118.5545,15.48,1.14,ml,17,154,0.04116,0.12,ci,ci37638143,2017-05-03T00:46:00.649Z,"4km ENE of Topanga, California",earthquake,0.4,0.31,0.165,10,reviewed,ci,ci
2017-05-02T15:52:01.970Z,38.838665,-122.7781677,2.6,1.13,md,12,90,0.004167,0.03,nc,nc72795985,2017-05-02T17:29:02.190Z,"5km WNW of Cobb, California",earthquake,0.39,0.54,0.23,4,automatic,nc,nc
2017-05-02T15:49:53.720Z,38.8318329,-122.774498,1.7,1.46,md,11,128,0.003831,0.03,nc,nc72795980,2017-05-02T17:04:03.143Z,"4km WNW of Cobb, California",earthquake,0.34,0.31,0.16,6,automatic,nc,nc
2017-05-02T15:44:28.740Z,38.8321648,-122.7741699,1.83,1.09,md,16,112,0.00373,0.03,nc,nc72795975,2017-05-02T16:38:02.097Z,"4km WNW of Cobb, California",earthquake,0.3,0.37,0.1,4,automatic,nc,nc
2017-05-02T15:40:56.559Z,59.8793,-136.6934,0,1.7,ml,,,,0.64,ak,ak15873864,2017-05-02T15:45:22.025Z,"90km WNW of Skagway, Alaska",earthquake,,0.3,,,automatic,ak,ak
2017-05-02T15:36:10.685Z,64.2507,-149.8547,21.3,1.1,ml,,,,0.4,ak,ak15873857,2017-05-02T15:43:06.385Z,"51km SW of North Nenana, Alaska",earthquake,,1,,,automatic,ak,ak
2017-05-02T15:35:50.931Z,61.8304,-150.543,44.6,1.9,ml,,,,0.57,ak,ak15873855,2017-05-02T15:40:19.535Z,"28km WNW of Willow, Alaska",earthquake,,0.5,,,automatic,ak,ak
2017-05-02T15:31:23.265Z,59.7779,-136.6868,0.4,1.6,ml,,,,0.73,ak,ak15873852,2017-05-02T15:34:45.625Z,"85km WNW of Skagway, Alaska",earthquake,,0.4,,,automatic,ak,ak
2017-05-02T15:28:34.510Z,59.7628,-136.6751,0,1.8,ml,,,,0.84,ak,ak15873850,2017-05-02T15:33:01.237Z,"83km WNW of Skagway, Alaska",earthquake,,0.4,,,automatic,ak,ak
2017-05-02T15:23:36.130Z,19.2313328,-155.4223328,33.59,2.24,ml,53,132,0.02425,0.18,hv,hv61726426,2017-05-02T15:29:20.000Z,"6km ENE of Pahala, Hawaii",earthquake,0.45,0.65,0.11,3,automatic,hv,hv
2017-05-02T15:11:29.155Z,38.3757,-118.9119,6.9,1.3,ml,15,49.1,0.141,0.1491,nn,nn00587726,2017-05-02T16:25:34.925Z,"30km WSW of Hawthorne, Nevada",earthquake,,2.6,0.26,6,reviewed,nn,nn
2017-05-02T15:10:22.370Z,-11.7183,-13.9218,10,5.9,mww,,57,3.786,0.47,us,us10008n0i,2017-05-02T20:09:26.040Z,"Ascension Island region",earthquake,9.1,1.8,0.073,18,reviewed,us,us
2017-05-02T15:09:09.994Z,59.7736,-136.6966,0,1.6,ml,,,,0.86,ak,ak15873845,2017-05-02T15:12:54.333Z,"85km WNW of Skagway, Alaska",earthquake,,0.5,,,automatic,ak,ak
2017-05-02T15:06:27.208Z,59.7718,-136.6875,0,1.6,ml,,,,0.94,ak,ak15873841,2017-05-02T15:11:09.934Z,"85km WNW of Skagway, Alaska",earthquake,,0.4,,,automatic,ak,ak
2017-05-02T14:59:05.606Z,59.8249,-136.8259,0,2.1,ml,,,,0.77,ak,ak15873839,2017-05-02T15:06:18.100Z,"94km WNW of Skagway, Alaska",earthquake,,0.3,,,automatic,ak,ak
2017-05-02T14:47:58.476Z,59.832,-136.5581,0,2.6,ml,,,,0.85,ak,ak15873836,2017-05-02T14:55:01.792Z,"81km WNW of Skagway, Alaska",earthquake,,0.3,,,automatic,ak,ak
2017-05-02T14:47:25.200Z,37.6023333,-118.9633333,-0.19,1.04,md,21,122,0.01503,0.04,nc,nc72795955,2017-05-03T01:30:04.730Z,"5km S of Mammoth Lakes, California",earthquake,0.3,0.39,0.333,17,reviewed,nc,nc
2017-05-02T14:46:02.563Z,59.7597,-136.6715,0,2,ml,,,,0.76,ak,ak15873834,2017-05-02T14:50:40.956Z,"83km WNW of Skagway, Alaska",earthquake,,0.3,,,automatic,ak,ak
2017-05-02T14:30:23.153Z,59.808,-136.6157,5,3.3,ml,,,,0.66,ak,ak15872921,2017-05-02T20:20:35.122Z,"83km WNW of Skagway, Alaska",earthquake,,0,,,reviewed,ak,ak
2017-05-02T14:22:20.132Z,59.8422,-136.8274,0,1.4,ml,,,,0.69,ak,ak15872917,2017-05-02T14:26:54.110Z,"95km WNW of Skagway, Alaska",earthquake,,0.5,,,automatic,ak,ak
2017-05-02T14:19:05.764Z,59.893,-136.7046,0,2.1,ml,,,,0.79,ak,ak15872913,2017-05-02T14:25:09.624Z,"92km WNW of Skagway, Alaska",earthquake,,0.4,,,automatic,ak,ak
2017-05-02T14:18:33.337Z,59.883,-136.7001,0,2,ml,,,,0.74,ak,ak15872911,2017-05-02T14:23:24.927Z,"91km WNW of Skagway, Alaska",earthquake,,0.5,,,automatic,ak,ak
2017-05-02T14:16:49.574Z,59.8318,-136.7849,0.3,2.3,ml,,,,0.77,ak,ak15872908,2017-05-02T14:21:40.196Z,"92km WNW of Skagway, Alaska",earthquake,,0.3,,,automatic,ak,ak
2017-05-02T14:11:40.878Z,59.8736,-136.7415,0,2.3,ml,,,,0.72,ak,ak15872906,2017-05-02T14:15:02.575Z,"92km WNW of Skagway, Alaska",earthquake,,0.3,,,automatic,ak,ak
2017-05-02T14:07:00.140Z,-24.2446,-175.7616,10,5.1,mb,,91,7.474,0.84,us,us10008n03,2017-05-02T15:44:37.040Z,"South of Tonga",earthquake,11.4,1.8,0.081,49,reviewed,us,us
2017-05-02T14:03:41.186Z,59.776,-136.6849,3.1,2.5,ml,,,,0.81,ak,ak15872904,2017-05-02T14:08:34.602Z,"85km WNW of Skagway, Alaska",earthquake,,0.3,,,automatic,ak,ak
2017-05-02T13:51:03.554Z,59.7793,-136.7032,0,1.8,ml,,,,0.71,ak,ak15872900,2017-05-02T13:59:09.204Z,"86km WNW of Skagway, Alaska",earthquake,,0.5,,,automatic,ak,ak
2017-05-02T13:50:53.165Z,59.6927,-152.9111,81.7,1.6,ml,,,,0.35,ak,ak15872897,2017-05-02T14:02:27.484Z,"61km W of Anchor Point, Alaska",earthquake,,0.5,,,automatic,ak,ak
2017-05-02T13:43:45.098Z,61.5628,-146.4431,30.3,1.7,ml,,,,0.83,ak,ak15872895,2017-05-02T13:47:09.220Z,"48km N of Valdez, Alaska",earthquake,,0.2,,,automatic,ak,ak
2017-05-02T13:36:50.320Z,38.0063,20.3574,10,4.5,mb,,136,1.494,1.39,us,us10008mzs,2017-05-02T15:18:18.040Z,"22km SSW of Argostolion, Greece",earthquake,4.1,1.8,0.128,18,reviewed,us,us
2017-05-02T13:34:42.081Z,59.852,-136.8447,0,1.6,ml,,,,0.49,ak,ak15872009,2017-05-02T13:38:38.609Z,"96km WNW of Skagway, Alaska",earthquake,,0.5,,,automatic,ak,ak
2017-05-02T13:27:42.900Z,40.506,-117.1553,11.6,2.2,ml,8,131.15,0.09,0.1537,nn,nn00587717,2017-05-02T13:56:31.127Z,"24km SW of Battle Mountain, Nevada",earthquake,,1.5,0.43,6,reviewed,nn,nn
2017-05-02T13:26:33.449Z,59.8358,-136.5794,0,1.9,ml,,,,0.68,ak,ak15871998,2017-05-02T13:30:59.156Z,"82km WNW of Skagway, Alaska",earthquake,,0.5,,,automatic,ak,ak
2017-05-02T13:25:57.911Z,59.8642,-136.7562,4.7,1.4,ml,,,,0.74,ak,ak15871999,2017-05-02T13:30:59.392Z,"93km WNW of Skagway, Alaska",earthquake,,0.5,,,automatic,ak,ak
2017-05-02T13:13:54.701Z,63.1466,-151.1267,12.5,4.2,ml,,,,0.66,ak,ak15871955,2017-05-02T16:20:46.040Z,"105km NNW of Talkeetna, Alaska",earthquake,,0.3,,,reviewed,ak,ak
2017-05-02T13:10:34.968Z,59.843,-136.8103,0,1.9,ml,,,,0.72,ak,ak15871951,2017-05-02T13:24:00.112Z,"94km WNW of Skagway, Alaska",earthquake,,0.3,,,automatic,ak,ak
2017-05-02T13:08:30.504Z,59.782,-136.7049,0,1.9,ml,,,,0.8,ak,ak15871948,2017-05-02T13:22:14.980Z,"86km WNW of Skagway, Alaska",earthquake,,0.4,,,automatic,ak,ak
2017-05-02T13:06:36.079Z,59.8417,-136.6756,3.1,2,ml,,,,0.46,ak,ak15871943,2017-05-02T13:22:13.934Z,"87km WNW of Skagway, Alaska",earthquake,,0.3,,,automatic,ak,ak
2017-05-02T13:05:42.658Z,59.8953,-136.964,0,1.7,ml,,,,1.05,ak,ak15871941,2017-05-02T13:22:14.325Z,"100km SSE of Haines Junction, Canada",earthquake,,0.4,,,automatic,ak,ak
2017-05-02T12:59:57.663Z,63.4936,-147.9919,0,1.4,ml,,,,0.55,ak,ak15871938,2017-05-02T13:04:53.889Z,"49km ENE of Cantwell, Alaska",earthquake,,0.3,,,automatic,ak,ak
2017-05-02T12:55:41.240Z,34.1423333,-116.9295,12.06,1.35,ml,57,53,0.04895,0.19,ci,ci37638087,2017-05-02T13:41:53.760Z,"11km S of Big Bear Lake, California",earthquake,0.24,0.48,0.142,26,reviewed,ci,ci
2017-05-02T12:46:00.470Z,59.7655,-136.7016,0,2.1,ml,,,,0.94,ak,ak15871928,2017-05-02T12:51:01.816Z,"85km WNW of Skagway, Alaska",earthquake,,0.4,,,automatic,ak,ak
2017-05-02T12:36:43.649Z,59.7511,-136.6941,12.7,3.8,ml,,,,0.68,ak,ak15871030,2017-05-02T20:11:40.036Z,"84km WNW of Skagway, Alaska",earthquake,,0.2,,,reviewed,ak,ak
2017-05-02T12:34:58.990Z,59.8798,-136.5741,0,4.1,ml,,,,1.38,us,us10008mz8,2017-05-02T21:37:53.040Z,"85km NW of Skagway, Alaska",earthquake,4.5,7.5,,,reviewed,ak,ak
2017-05-02T12:28:56.130Z,59.7154,-136.819,0,2,ml,,,,0.83,ak,ak15871016,2017-05-02T12:33:48.503Z,"89km WNW of Skagway, Alaska",earthquake,,0.5,,,automatic,ak,ak
2017-05-02T12:21:59.212Z,59.9517,-141.2376,0,2.9,ml,,,,0.74,ak,ak15871008,2017-05-02T12:25:19.293Z,"67km E of Cape Yakataga, Alaska",earthquake,,0.2,,,automatic,ak,ak
2017-05-02T12:19:59.735Z,59.8796,-136.7075,0,1.4,ml,,,,0.72,ak,ak15871007,2017-05-02T12:23:35.153Z,"91km WNW of Skagway, Alaska",earthquake,,0.5,,,automatic,ak,ak
2017-05-02T12:19:15.047Z,60.4394,-144.8369,5.6,1.8,ml,,,,0.73,ak,ak15871005,2017-05-02T12:23:34.909Z,"51km ESE of Cordova, Alaska",earthquake,,0.3,,,automatic,ak,ak
2017-05-02T12:16:31.110Z,19.431,-155.6141667,1.584,2.6,ml,41,76,0.03083,0.12,hv,hv61726126,2017-05-02T22:03:56.630Z,"26km E of Honaunau-Napoopoo, Hawaii",earthquake,0.3,0.69,0.233,36,reviewed,hv,hv
2017-05-02T12:14:17.535Z,61.0472,-152.4063,109.1,1.8,ml,,,,0.29,ak,ak15871002,2017-05-02T12:19:45.487Z,"65km NNE of Redoubt Volcano, Alaska",earthquake,,1,,,automatic,ak,ak
2017-05-02T12:07:44.837Z,63.0767,-151.1241,0,1.4,ml,,,,0.69,ak,ak15870998,2017-05-02T12:12:07.194Z,"98km NNW of Talkeetna, Alaska",earthquake,,0.3,,,automatic,ak,ak
2017-05-02T12:05:47.362Z,59.7737,-136.6652,0,2.2,ml,,,,0.83,ak,ak15870994,2017-05-02T12:08:48.969Z,"83km WNW of Skagway, Alaska",earthquake,,0.3,,,automatic,ak,ak
2017-05-02T12:03:12.008Z,59.6674,-136.9224,1.6,1.9,ml,,,,0.94,ak,ak15870991,2017-05-02T12:07:04.571Z,"93km WNW of Skagway, Alaska",earthquake,,0.4,,,automatic,ak,ak
2017-05-02T12:01:18.290Z,18.838,-67.141,15,2.54,md,4,356,0.3717,0.06,pr,pr2017122006,2017-05-03T02:00:40.817Z,"38km N of San Antonio, Puerto Rico",earthquake,8.42,0.93,0.18,4,reviewed,pr,pr
2017-05-02T12:00:55.980Z,59.7746,-136.6981,0.9,2,ml,,,,0.92,ak,ak15870996,2017-05-02T12:08:49.212Z,"85km WNW of Skagway, Alaska",earthquake,,0.4,,,automatic,ak,ak
2017-05-02T11:59:44.342Z,63.2167,-150.5619,117.7,1.5,ml,,,,0.73,ak,ak15870984,2017-05-02T12:04:17.762Z,"83km WSW of Cantwell, Alaska",earthquake,,0.8,,,automatic,ak,ak
2017-05-02T11:58:40.993Z,61.1729,-150.5534,25.9,1.9,ml,,,,0.51,ak,ak15870982,2017-05-02T12:02:33.285Z,"35km W of Anchorage, Alaska",earthquake,,0.4,,,automatic,ak,ak
2017-05-02T11:56:09.282Z,51.6253,-178.5018,13.1,2.7,ml,,,,0.53,ak,ak15870976,2017-05-02T20:02:27.796Z,"38km SW of Tanaga Volcano, Alaska",earthquake,,2.1,,,reviewed,ak,ak
2017-05-02T11:51:44.630Z,52.0077,-177.4963,21.76,4.1,mb,,136,0.263,0.97,us,us10008mym,2017-05-02T18:59:54.801Z,"46km ENE of Tanaga Volcano, Alaska",earthquake,11.7,8.5,0.056,89,reviewed,us,us
2017-05-02T11:41:54.804Z,59.8182,-136.8262,0,1.9,ml,,,,0.78,ak,ak15870967,2017-05-02T11:47:49.437Z,"94km WNW of Skagway, Alaska",earthquake,,0.4,,,automatic,ak,ak
2017-05-02T11:31:03.365Z,59.7761,-136.8048,0,1.8,ml,,,,0.96,ak,ak15870964,2017-05-02T11:36:33.827Z,"91km WNW of Skagway, Alaska",earthquake,,0.4,,,automatic,ak,ak
2017-05-02T11:17:54.794Z,59.8622,-136.7704,2.1,1.8,ml,,,,0.83,ak,ak15870080,2017-05-02T11:22:21.569Z,"93km WNW of Skagway, Alaska",earthquake,,0.3,,,automatic,ak,ak
2017-05-02T11:11:06.539Z,51.6363,-178.5232,4.7,3.7,ml,,,,0.62,ak,ak15870077,2017-05-02T20:01:43.006Z,"38km SW of Tanaga Volcano, Alaska",earthquake,,0.7,,,reviewed,ak,ak
2017-05-02T11:03:14.096Z,59.8143,-136.5982,0,2.8,ml,,,,0.9,ak,ak15870071,2017-05-02T11:07:26.504Z,"82km WNW of Skagway, Alaska",earthquake,,0.2,,,automatic,ak,ak
2017-05-02T10:49:31.845Z,59.8632,-136.8233,0,2,ml,,,,0.8,ak,ak15870068,2017-05-02T10:53:04.808Z,"96km WNW of Skagway, Alaska",earthquake,,0.4,,,automatic,ak,ak
2017-05-02T10:29:21.850Z,41.5638,141.9543,72.23,4.3,mb,,80,1.006,1.1,us,us10008myb,2017-05-02T12:01:13.040Z,"68km ENE of Mutsu, Japan",earthquake,5.2,7.8,0.101,28,reviewed,us,us
2017-05-02T10:15:28.951Z,59.9129,-136.5593,0,3.4,ml,,,,1.06,ak,ak15870060,2017-05-02T10:24:52.200Z,"86km NW of Skagway, Alaska",earthquake,,0.5,,,automatic,ak,ak
2017-05-02T10:08:11.157Z,59.7704,-136.9732,0,1.6,ml,,,,0.9,ak,ak15870057,2017-05-02T10:14:59.854Z,"99km WNW of Skagway, Alaska",earthquake,,0.6,,,automatic,ak,ak
2017-05-02T09:59:50.260Z,46.1975,-122.1913333,-1.77,1.27,md,8,72,0.002758,0.05,uw,uw61277376,2017-05-02T17:20:17.160Z,"37km NNE of Amboy, Washington",earthquake,0.33,8.33,0.126,2,reviewed,uw,uw
2017-05-02T09:58:02.098Z,59.8982,-136.8078,6.9,1.4,ml,,,,1.1,ak,ak15870053,2017-05-02T10:01:08.685Z,"97km WNW of Skagway, Alaska",earthquake,,0.5,,,automatic,ak,ak
2017-05-02T09:54:32.387Z,61.2845,-151.2137,79.9,3.4,ml,,,,0.63,ak,ak15870040,2017-05-02T19:00:19.633Z,"66km N of Nikiski, Alaska",earthquake,,0.3,,,reviewed,ak,ak
2017-05-02T09:48:15.425Z,59.8159,-136.8259,0,1.9,ml,,,,0.86,ak,ak15870037,2017-05-02T09:53:50.160Z,"94km WNW of Skagway, Alaska",earthquake,,0.4,,,automatic,ak,ak
2017-05-02T09:39:20.742Z,59.7797,-136.6879,0,1.8,ml,,,,0.65,ak,ak15870036,2017-05-02T09:44:08.533Z,"85km WNW of Skagway, Alaska",earthquake,,0.4,,,automatic,ak,ak
2017-05-02T09:36:55.603Z,59.8349,-136.7714,2.8,1.7,ml,,,,0.85,ak,ak15870034,2017-05-02T09:41:22.385Z,"92km WNW of Skagway, Alaska",earthquake,,0.4,,,automatic,ak,ak
2017-05-02T09:34:39.964Z,59.7661,-136.6819,0,1.7,ml,,,,0.75,ak,ak15870031,2017-05-02T09:39:07.209Z,"84km WNW of Skagway, Alaska",earthquake,,0.4,,,automatic,ak,ak
2017-05-02T09:34:25.370Z,-24.204,-67.2066,220.56,4.2,mb,,112,2.227,0.58,us,us10008mxx,2017-05-02T11:37:10.040Z,"90km W of San Antonio de los Cobres, Argentina",earthquake,5.9,10.8,0.263,4,reviewed,us,us
2017-05-02T09:30:55.280Z,33.9266667,-116.0206667,4.79,1.42,ml,52,58,0.07607,0.14,ci,ci37638047,2017-05-02T15:51:25.190Z,"23km S of Twentynine Palms, California",earthquake,0.14,0.39,0.153,43,reviewed,ci,ci
2017-05-02T09:24:56.331Z,64.5606,-149.9648,7.7,1,ml,,,,0.47,ak,ak15870029,2017-05-02T09:29:57.230Z,"40km W of North Nenana, Alaska",earthquake,,0.4,,,automatic,ak,ak
2017-05-02T09:19:50.287Z,59.798,-136.8469,8.5,1.6,ml,,,,0.67,ak,ak15870028,2017-05-02T09:25:06.601Z,"94km WNW of Skagway, Alaska",earthquake,,0.5,,,automatic,ak,ak
2017-05-02T09:17:07.780Z,39.6593333,-122.0316667,22.34,1.48,md,12,104,0.2805,0.04,nc,nc72795920,2017-05-03T01:51:03.600Z,"9km S of Hamilton City, California",earthquake,0.3,0.85,0.256,11,reviewed,nc,nc
2017-05-02T09:13:33.282Z,59.8104,-136.5603,0,1.8,ml,,,,0.78,ak,ak15870026,2017-05-02T09:20:47.065Z,"80km WNW of Skagway, Alaska",earthquake,,0.3,,,automatic,ak,ak
2017-05-02T08:55:43.567Z,59.8449,-136.5851,0,1.7,ml,,,,0.85,ak,ak15870023,2017-05-02T09:03:50.326Z,"83km WNW of Skagway, Alaska",earthquake,,0.4,,,automatic,ak,ak
2017-05-02T08:54:22.012Z,59.7696,-136.6925,0,1.8,ml,,,,0.82,ak,ak15870021,2017-05-02T08:58:28.590Z,"85km WNW of Skagway, Alaska",earthquake,,0.4,,,automatic,ak,ak
2017-05-02T08:49:52.186Z,59.7698,-136.6934,0,1.7,ml,,,,0.68,ak,ak15870017,2017-05-02T08:54:09.121Z,"85km WNW of Skagway, Alaska",earthquake,,0.4,,,automatic,ak,ak
2017-05-02T08:48:11.640Z,59.782,-136.6854,0,1.7,ml,,,,0.69,ak,ak15870016,2017-05-02T08:52:25.157Z,"85km WNW of Skagway, Alaska",earthquake,,0.4,,,automatic,ak,ak
2017-05-02T08:46:06.210Z,59.7687,-136.6847,1.4,2.2,ml,,,,0.71,ak,ak15870014,2017-05-02T08:50:41.139Z,"84km WNW of Skagway, Alaska",earthquake,,0.3,,,automatic,ak,ak
2017-05-02T08:44:29.070Z,18.5938,-65.591,25,2.61,md,10,210,0.4175,0.22,pr,pr2017122005,2017-05-03T02:02:05.125Z,"27km NNE of Luquillo, Puerto Rico",earthquake,1.19,5.36,0.32,8,reviewed,pr,pr
2017-05-02T08:28:34.751Z,59.7765,-136.6818,1.5,2.4,ml,,,,0.74,ak,ak15869133,2017-05-02T08:32:42.534Z,"84km WNW of Skagway, Alaska",earthquake,,0.2,,,automatic,ak,ak
2017-05-02T08:25:24.799Z,59.773,-136.6672,0,1.9,ml,,,,0.65,ak,ak15869131,2017-05-02T08:30:58.597Z,"84km WNW of Skagway, Alaska",earthquake,,0.4,,,automatic,ak,ak
2017-05-02T08:21:34.106Z,59.8187,-136.5892,0,2.9,ml,,,,0.86,ak,ak15869119,2017-05-02T08:26:06.796Z,"82km WNW of Skagway, Alaska",earthquake,,0.2,,,automatic,ak,ak
2017-05-02T08:18:53.921Z,59.8323,-136.7113,15,1.7,ml,,,,0.53,ak,ak15869129,2017-05-02T08:26:07.356Z,"89km WNW of Skagway, Alaska",earthquake,,0.4,,,automatic,ak,ak
2017-05-02T08:14:48.630Z,59.8628,-136.8405,0,2.5,ml,,,,0.66,ak,ak15869105,2017-05-02T08:26:07.071Z,"97km WNW of Skagway, Alaska",earthquake,,0.3,,,automatic,ak,ak
2017-05-02T08:09:30.058Z,59.7729,-136.7117,12.8,3.8,ml,,,,0.97,ak,ak15869091,2017-05-02T08:30:53.665Z,"86km WNW of Skagway, Alaska",earthquake,,0.3,,,reviewed,ak,ak
2017-05-02T08:06:22.887Z,59.8243,-136.8358,0.1,1.4,ml,,,,0.81,ak,ak15869092,2017-05-02T08:11:39.400Z,"95km WNW of Skagway, Alaska",earthquake,,0.6,,,automatic,ak,ak
2017-05-02T08:05:04.822Z,59.846,-136.8297,0,1.7,ml,,,,0.7,ak,ak15869085,2017-05-02T08:08:52.981Z,"95km WNW of Skagway, Alaska",earthquake,,0.5,,,automatic,ak,ak
2017-05-02T07:56:21.915Z,59.741,-136.5512,0,2,ml,,,,0.69,ak,ak15869084,2017-05-02T08:00:55.789Z,"76km WNW of Skagway, Alaska",earthquake,,1.2,,,automatic,ak,ak
2017-05-02T07:53:35.142Z,59.8054,-136.6844,0,2.4,ml,,,,0.75,ak,ak15869079,2017-05-02T07:58:09.665Z,"86km WNW of Skagway, Alaska",earthquake,,0.3,,,automatic,ak,ak
2017-05-02T07:43:42.228Z,62.7148,-149.8787,66.6,1.5,ml,,,,0.83,ak,ak15869077,2017-05-02T07:49:30.984Z,"45km NNE of Talkeetna, Alaska",earthquake,,0.6,,,automatic,ak,ak
2017-05-02T07:37:08.413Z,59.7787,-136.7035,0,1.8,ml,,,,0.24,ak,ak15869076,2017-05-02T07:40:22.637Z,"86km WNW of Skagway, Alaska",earthquake,,0.5,,,automatic,ak,ak
2017-05-02T07:26:15.658Z,59.7642,-136.6982,0,2.5,ml,,,,0.8,ak,ak15869073,2017-05-02T07:30:53.730Z,"85km WNW of Skagway, Alaska",earthquake,,0.3,,,automatic,ak,ak
2017-05-02T07:15:03.371Z,59.8238,-136.6221,4.7,2.4,ml,,,,0.56,ak,ak15868189,2017-05-02T07:18:05.405Z,"84km WNW of Skagway, Alaska",earthquake,,0.3,,,automatic,ak,ak
2017-05-02T07:09:28.502Z,59.7679,-136.702,0,1.9,ml,,,,0.58,ak,ak15868185,2017-05-02T07:14:48.102Z,"85km WNW of Skagway, Alaska",earthquake,,0.3,,,automatic,ak,ak
2017-05-02T07:07:42.144Z,59.8377,-136.8081,0,2.1,ml,,,,0.75,ak,ak15868183,2017-05-02T07:11:20.330Z,"94km WNW of Skagway, Alaska",earthquake,,0.4,,,automatic,ak,ak
2017-05-02T07:06:30.101Z,59.8276,-136.837,0.2,1.7,ml,,,,0.92,ak,ak15868182,2017-05-02T07:09:36.624Z,"95km WNW of Skagway, Alaska",earthquake,,0.4,,,automatic,ak,ak
2017-05-02T07:04:00.255Z,38.2673,-117.9077,11.6,1,ml,15,118.35,0.255,0.1531,nn,nn00587706,2017-05-02T14:09:06.184Z,"63km WNW of Tonopah, Nevada",earthquake,,3.3,0.16,7,reviewed,nn,nn
2017-05-02T07:03:48.190Z,44.6448333,-111.8865,16.67,1.1,md,7,103,0.179,0.05,mb,mb80207594,2017-05-02T14:15:06.230Z,"55km E of Lima, Montana",earthquake,0.41,1.69,0.27,3,reviewed,mb,mb
2017-05-02T07:02:54.530Z,38.7986679,-122.8013306,2.35,1.14,md,18,137,0.01041,0.02,nc,nc72795905,2017-05-02T08:28:03.114Z,"4km WNW of The Geysers, California",earthquake,0.3,0.51,0.16,5,automatic,nc,nc
2017-05-02T06:59:23.338Z,58.2582,-137.9992,0,2.3,ml,,,,0.9,ak,ak15868181,2017-05-02T07:04:15.322Z,"133km W of Gustavus, Alaska",earthquake,,1,,,automatic,ak,ak
2017-05-02T06:54:18.785Z,59.8426,-136.8129,0,1.9,ml,,,,0.96,ak,ak15868179,2017-05-02T06:58:54.096Z,"94km WNW of Skagway, Alaska",earthquake,,0.4,,,automatic,ak,ak
2017-05-02T06:51:31.035Z,59.8209,-136.7166,1,1.6,ml,,,,0.83,ak,ak15868178,2017-05-02T06:54:55.247Z,"88km WNW of Skagway, Alaska",earthquake,,0.4,,,automatic,ak,ak
2017-05-02T06:46:19.775Z,59.8878,-136.9353,0,2.3,ml,,,,0.85,ak,ak15868174,2017-05-02T06:51:38.217Z,"101km SSE of Haines Junction, Canada",earthquake,,0.3,,,automatic,ak,ak
2017-05-02T06:43:50.991Z,38.4004,-118.9344,7.7,1.7,ml,19,49.47,0.144,0.2215,nn,nn00587705,2017-05-02T16:10:05.794Z,"30km WSW of Hawthorne, Nevada",earthquake,,1.6,0.4,10,reviewed,nn,nn
2017-05-02T06:42:40.492Z,59.6908,-136.7761,15.2,1.8,ml,,,,0.88,ak,ak15868170,2017-05-02T06:48:10.497Z,"86km WNW of Skagway, Alaska",earthquake,,0.7,,,automatic,ak,ak
2017-05-02T06:40:53.864Z,59.8396,-136.585,0,1.8,ml,,,,0.7,ak,ak15868168,2017-05-02T06:44:41.220Z,"83km WNW of Skagway, Alaska",earthquake,,0.4,,,automatic,ak,ak
2017-05-02T06:35:11.851Z,59.907,-136.5658,0,2.9,ml,,,,1.01,ak,ak15868157,2017-05-02T06:42:57.373Z,"86km NW of Skagway, Alaska",earthquake,,0.6,,,automatic,ak,ak
2017-05-02T06:33:48.331Z,59.8347,-136.7916,0,1.8,ml,,,,0.86,ak,ak15868156,2017-05-02T06:38:26.805Z,"93km WNW of Skagway, Alaska",earthquake,,0.4,,,automatic,ak,ak
2017-05-02T06:26:51.560Z,19.8416672,-155.5526733,18.44,1.91,md,22,204,0.08931,0.18,hv,hv61725536,2017-05-02T06:30:04.170Z,"23km SSE of Waimea, Hawaii",earthquake,0.83,2.49,0.27,4,automatic,hv,hv
2017-05-02T06:26:08.057Z,59.8951,-136.916,0,2.3,ml,,,,0.79,ak,ak15868154,2017-05-02T06:31:21.156Z,"100km SSE of Haines Junction, Canada",earthquake,,0.4,,,automatic,ak,ak
2017-05-02T06:23:45.034Z,59.9133,-136.8382,1.8,2.4,ml,,,,0.45,ak,ak15868152,2017-05-02T06:27:53.603Z,"99km WNW of Skagway, Alaska",earthquake,,0.3,,,automatic,ak,ak
2017-05-02T06:19:20.905Z,59.7905,-136.7038,0,1.8,ml,,,,0.6,ak,ak15868150,2017-05-02T06:26:09.505Z,"86km WNW of Skagway, Alaska",earthquake,,0.4,,,automatic,ak,ak
2017-05-02T06:16:54.426Z,59.8635,-136.9514,4.5,2.2,ml,,,,0.94,ak,ak15868146,2017-05-02T06:21:08.795Z,"102km WNW of Skagway, Alaska",earthquake,,0.3,,,automatic,ak,ak
2017-05-02T06:15:31.418Z,59.7733,-136.6373,0.8,2,ml,,,,0.75,ak,ak15868144,2017-05-02T06:19:24.733Z,"82km WNW of Skagway, Alaska",earthquake,,0.3,,,automatic,ak,ak
2017-05-02T06:12:26.931Z,59.8933,-136.71,0,2.3,ml,,,,0.83,ak,ak15868139,2017-05-02T06:17:40.837Z,"92km WNW of Skagway, Alaska",earthquake,,0.2,,,automatic,ak,ak
2017-05-02T06:04:19.555Z,59.7999,-136.6977,3.3,3.6,ml,,,,0.58,ak,ak15868123,2017-05-02T18:55:36.035Z,"86km WNW of Skagway, Alaska",earthquake,,0.4,,,reviewed,ak,ak
2017-05-02T06:01:16.546Z,59.865,-136.7228,4,1.6,ml,,,,0.79,ak,ak15868121,2017-05-02T06:06:26.428Z,"91km WNW of Skagway, Alaska",earthquake,,0.5,,,automatic,ak,ak
2017-05-02T05:58:43.899Z,59.7761,-136.6922,0,2.2,ml,,,,0.74,ak,ak15868118,2017-05-02T06:03:40.519Z,"85km WNW of Skagway, Alaska",earthquake,,0.3,,,automatic,ak,ak
2017-05-02T05:49:30.356Z,62.2048,-150.9677,68.6,1.2,ml,,,,0.25,ak,ak15868102,2017-05-02T05:55:33.566Z,"46km WSW of Talkeetna, Alaska",earthquake,,1.2,,,automatic,ak,ak
2017-05-02T05:48:35.863Z,59.7629,-136.6942,0,1.8,ml,,,,0.81,ak,ak15868098,2017-05-02T05:52:47.838Z,"84km WNW of Skagway, Alaska",earthquake,,0.5,,,automatic,ak,ak
2017-05-02T05:47:31.848Z,59.9001,-136.706,0,1.7,ml,,,,0.79,ak,ak15868099,2017-05-02T05:51:04.178Z,"92km WNW of Skagway, Alaska",earthquake,,0.5,,,automatic,ak,ak
2017-05-02T05:46:49.742Z,63.3119,-150.6551,0,1.5,ml,,,,0.45,ak,ak15868095,2017-05-02T05:51:03.636Z,"85km W of Cantwell, Alaska",earthquake,,0.3,,,automatic,ak,ak
2017-05-02T05:41:46.841Z,59.7569,-136.521,7.8,3.5,ml,,,,0.9,ak,ak15867228,2017-05-02T18:49:46.367Z,"75km WNW of Skagway, Alaska",earthquake,,0.3,,,reviewed,ak,ak
2017-05-02T05:36:31.540Z,59.8338,-136.6462,0,1.8,ml,,,,0.85,ak,ak15867227,2017-05-02T05:40:30.961Z,"85km WNW of Skagway, Alaska",earthquake,,0.4,,,automatic,ak,ak
2017-05-02T05:28:41.840Z,34.0263333,-118.5193333,9.56,3.06,ml,140,58,0.01868,0.25,ci,ci37637991,2017-05-03T01:45:05.907Z,"2km WNW of Santa Monica, California",earthquake,0.19,0.33,0.253,233,reviewed,ci,ci
2017-05-02T05:23:05.432Z,59.8982,-136.7017,0,2.3,ml,,,,0.72,ak,ak15867222,2017-05-02T05:28:47.881Z,"92km WNW of Skagway, Alaska",earthquake,,0.3,,,automatic,ak,ak
2017-05-02T05:19:44.943Z,59.7942,-136.7043,0,2,ml,,,,0.55,ak,ak15867220,2017-05-02T05:34:39.455Z,"86km WNW of Skagway, Alaska",earthquake,,0.4,,,automatic,ak,ak
2017-05-02T05:18:45.902Z,59.8719,-136.6965,0,1.6,ml,,,,0.54,ak,ak15867217,2017-05-02T05:21:53.727Z,"90km WNW of Skagway, Alaska",earthquake,,0.4,,,automatic,ak,ak
2017-05-02T05:16:07.011Z,61.4518,-140.9976,6.8,1.5,ml,,,,0.26,ak,ak15867216,2017-05-02T05:21:53.477Z,"173km NNE of Cape Yakataga, Alaska",earthquake,,0.9,,,automatic,ak,ak
2017-05-02T05:08:46.600Z,38.0444984,-122.1784973,7.74,1.27,md,9,160,0.06277,0.01,nc,nc72795895,2017-05-02T07:47:03.035Z,"1km WSW of Benicia, California",earthquake,0.52,0.84,0.12,9,automatic,nc,nc
2017-05-02T05:08:44.378Z,59.788,-136.6184,0.2,1.9,ml,,,,0.61,ak,ak15867213,2017-05-02T05:12:24.903Z,"82km WNW of Skagway, Alaska",earthquake,,0.3,,,automatic,ak,ak
2017-05-02T05:05:31.215Z,59.78,-136.6873,0,1.8,ml,,,,0.83,ak,ak15867212,2017-05-02T05:10:41.346Z,"85km WNW of Skagway, Alaska",earthquake,,0.4,,,automatic,ak,ak
2017-05-02T05:02:43.632Z,59.7749,-136.6679,0.1,2,ml,,,,0.74,ak,ak15867208,2017-05-02T05:07:55.332Z,"84km WNW of Skagway, Alaska",earthquake,,0.3,,,automatic,ak,ak
2017-05-02T04:56:58.306Z,59.8898,-136.7048,0,2.3,ml,,,,0.86,ak,ak15867197,2017-05-02T05:01:21.620Z,"91km WNW of Skagway, Alaska",earthquake,,0.4,,,automatic,ak,ak
2017-05-02T04:56:53.015Z,67.3472,-144.1617,6.3,2.5,ml,,,,0.66,ak,ak15867196,2017-05-02T05:01:21.232Z,"99km NNE of Fort Yukon, Alaska",earthquake,,0.2,,,automatic,ak,ak
2017-05-02T04:54:38.983Z,63.5771,-150.8926,0,1.4,ml,,,,0.63,ak,ak15867184,2017-05-02T05:07:55.054Z,"98km WNW of Cantwell, Alaska",earthquake,,0.3,,,automatic,ak,ak
2017-05-02T04:45:38.969Z,59.9017,-136.711,0,2.3,ml,,,,0.76,ak,ak15867180,2017-05-02T12:48:17.079Z,"92km WNW of Skagway, Alaska",earthquake,,0.3,,,automatic,ak,ak
2017-05-02T04:35:19.426Z,59.7706,-136.6949,0,2.4,ml,,,,0.65,ak,ak15866319,2017-05-02T04:40:19.645Z,"85km WNW of Skagway, Alaska",earthquake,,0.3,,,automatic,ak,ak
2017-05-02T04:34:18.960Z,59.8103,-136.8266,0,1.8,ml,,,,0.67,ak,ak15866317,2017-05-02T04:36:52.688Z,"93km WNW of Skagway, Alaska",earthquake,,0.4,,,automatic,ak,ak
2017-05-02T04:19:18.618Z,59.8624,-136.8414,0,1.6,ml,,,,0.58,ak,ak15866316,2017-05-02T04:22:45.928Z,"97km WNW of Skagway, Alaska",earthquake,,0.5,,,automatic,ak,ak
2017-05-02T04:12:39.068Z,39.4452,-117.4214,4.9,1.5,ml,10,154.21,0.556,0.2094,nn,nn00587702,2017-05-02T04:53:11.010Z,"30km W of Austin, Nevada",earthquake,,2.3,0.31,6,reviewed,nn,nn
2017-05-02T04:11:36.748Z,63.0875,-151.4156,0.1,1.5,ml,,,,0.78,ak,ak15866314,2017-05-02T04:15:21.634Z,"108km NW of Talkeetna, Alaska",earthquake,,0.3,,,automatic,ak,ak
2017-05-02T04:08:55.596Z,59.7635,-136.6773,0,1.8,ml,,,,0.95,ak,ak15866312,2017-05-02T04:11:54.279Z,"84km WNW of Skagway, Alaska",earthquake,,0.4,,,automatic,ak,ak
2017-05-02T04:08:39.548Z,59.5695,-152.6735,76.6,2.1,ml,,,,0.45,ak,ak15866308,2017-05-02T04:13:38.048Z,"52km WSW of Anchor Point, Alaska",earthquake,,0.4,,,automatic,ak,ak
2017-05-02T04:06:45.000Z,38.855835,-122.7910004,28.03,1.6,md,7,211,0.03565,0.06,nc,nc72795875,2017-05-02T07:20:03.721Z,"6km WNW of Cobb, California",earthquake,3.77,5.88,0.36,2,automatic,nc,nc
2017-05-02T04:00:40.875Z,59.9078,-136.936,2.7,1.9,ml,,,,0.75,ak,ak15866305,2017-05-02T04:07:04.765Z,"99km SSE of Haines Junction, Canada",earthquake,,0.5,,,automatic,ak,ak
2017-05-02T03:57:10.090Z,33.9455,-116.9708333,13.76,1.06,ml,39,66,0.02538,0.2,ci,ci37637975,2017-05-02T13:43:11.470Z,"1km NNE of Beaumont, California",earthquake,0.27,0.62,0.124,28,reviewed,ci,ci
2017-05-02T03:53:34.250Z,18.9548,-64.7946,29,2.97,md,5,300,0.8106,0.23,pr,pr2017122004,2017-05-03T02:03:36.902Z,"62km NNW of Road Town, British Virgin Islands",earthquake,3.62,16.45,0.13,3,reviewed,pr,pr
2017-05-02T03:51:39.614Z,59.7756,-136.7976,4.1,2.3,ml,,,,0.76,ak,ak15866291,2017-05-02T03:55:42.777Z,"90km WNW of Skagway, Alaska",earthquake,,0.4,,,automatic,ak,ak
2017-05-02T03:49:18.112Z,59.775,-136.6676,0,1.5,ml,,,,0.96,ak,ak15866289,2017-05-02T03:52:15.812Z,"84km WNW of Skagway, Alaska",earthquake,,0.4,,,automatic,ak,ak
2017-05-02T03:45:56.709Z,59.6758,-136.7062,15.1,2.1,ml,,,,0.58,ak,ak15866286,2017-05-02T04:00:32.183Z,"82km WNW of Skagway, Alaska",earthquake,,2.3,,,automatic,ak,ak
2017-05-02T03:43:57.136Z,59.7956,-136.5707,0,2.3,ml,,,,0.97,ak,ak15866284,2017-05-02T03:48:17.979Z,"80km WNW of Skagway, Alaska",earthquake,,0.4,,,automatic,ak,ak
2017-05-02T03:43:28.980Z,38.8129997,-122.7854996,1.16,1.38,md,20,91,0.02127,0.02,nc,nc72795870,2017-05-02T06:55:02.671Z,"4km NNW of The Geysers, California",earthquake,0.21,0.48,0.17,5,automatic,nc,nc
2017-05-02T03:37:30.522Z,59.8743,-136.5495,0,3.5,ml,,,,0.98,ak,ak15866270,2017-05-02T03:44:19.685Z,"83km NW of Skagway, Alaska",earthquake,,0.9,,,automatic,ak,ak
2017-05-02T03:32:34.823Z,59.8396,-136.8027,0,1.7,ml,,,,0.58,ak,ak15865540,2017-05-02T03:37:23.484Z,"94km WNW of Skagway, Alaska",earthquake,,0.5,,,automatic,ak,ak
2017-05-02T03:30:43.512Z,61.8088,-149.7275,34.7,2,ml,,,,0.79,ak,ak15865535,2017-05-02T03:39:08.049Z,"17km ENE of Willow, Alaska",earthquake,,0.2,,,automatic,ak,ak
2017-05-02T03:26:13.363Z,59.7688,-136.7017,0,1.7,ml,,,,0.69,ak,ak15865534,2017-05-02T03:29:38.430Z,"85km WNW of Skagway, Alaska",earthquake,,0.4,,,automatic,ak,ak
2017-05-02T03:24:03.100Z,19.4195004,-155.2460022,41.52,2.39,ml,51,57,0.008478,0.16,hv,hv61725131,2017-05-02T03:29:43.820Z,"1km SW of Volcano, Hawaii",earthquake,0.45,0.42,0.34,15,automatic,hv,hv
2017-05-02T03:23:23.780Z,19.306,-155.2136667,7.93,1.11,md,26,99,0.02673,0.07,hv,hv61725126,2017-05-02T22:22:12.330Z,"14km S of Volcano, Hawaii",earthquake,0.41,0.66,0.266,11,reviewed,hv,hv
2017-05-02T03:23:03.013Z,59.7465,-136.693,0,1.9,ml,,,,0.8,ak,ak15865532,2017-05-02T03:27:24.241Z,"84km WNW of Skagway, Alaska",earthquake,,0.5,,,automatic,ak,ak
2017-05-02T03:19:04.040Z,33.193,-116.1741667,6.53,1.3,ml,57,43,0.06693,0.2,ci,ci37637967,2017-05-02T15:38:12.366Z,"19km ESE of Borrego Springs, California",earthquake,0.18,0.56,0.11,37,reviewed,ci,ci
2017-05-02T03:14:10.867Z,59.5385,-153.1074,98.7,1.6,ml,,,,0.94,ak,ak15865399,2017-05-02T03:21:02.484Z,"76km WSW of Anchor Point, Alaska",earthquake,,0.9,,,automatic,ak,ak
2017-05-02T03:10:40.738Z,59.7612,-136.7123,0,2.5,ml,,,,0.76,ak,ak15865395,2017-05-02T03:15:11.422Z,"85km WNW of Skagway, Alaska",earthquake,,0.3,,,automatic,ak,ak
2017-05-02T03:01:59.282Z,59.8828,-136.699,0,2,ml,,,,0.73,ak,ak15865393,2017-05-02T03:06:04.462Z,"91km WNW of Skagway, Alaska",earthquake,,0.4,,,automatic,ak,ak
2017-05-02T02:47:34.468Z,59.76,-136.7008,1,2.8,ml,,,,0.75,ak,ak15865389,2017-05-02T02:54:02.365Z,"85km WNW of Skagway, Alaska",earthquake,,0.2,,,automatic,ak,ak
2017-05-02T02:41:53.197Z,60.4109,-151.8342,74.2,1.9,ml,,,,0.43,ak,ak15865378,2017-05-02T02:50:04.418Z,"29km W of Kalifornsky, Alaska",earthquake,,0.8,,,automatic,ak,ak
2017-05-02T02:36:04.425Z,59.8909,-136.7146,0,2.8,ml,,,,0.68,ak,ak15865375,2017-05-02T02:42:19.745Z,"92km WNW of Skagway, Alaska",earthquake,,0.2,,,automatic,ak,ak
2017-05-02T02:30:12.892Z,59.7545,-136.6909,0,1.9,ml,,,,0.64,ak,ak15864692,2017-05-02T02:34:45.869Z,"84km WNW of Skagway, Alaska",earthquake,,0.3,,,automatic,ak,ak
2017-05-02T02:19:39.187Z,59.8385,-136.8316,0,1.6,ml,,,,0.61,ak,ak15864642,2017-05-02T02:24:05.809Z,"95km WNW of Skagway, Alaska",earthquake,,0.5,,,automatic,ak,ak
2017-05-02T02:19:14.504Z,61.6314,-149.9505,37.8,1.8,ml,,,,0.69,ak,ak15864639,2017-05-02T02:24:05.534Z,"7km W of Houston, Alaska",earthquake,,0.5,,,automatic,ak,ak
2017-05-02T02:15:32.391Z,59.81,-136.6169,0,3,ml,,,,0.66,ak,ak15864637,2017-05-02T02:20:39.057Z,"83km WNW of Skagway, Alaska",earthquake,,0.5,,,automatic,ak,ak
2017-05-02T02:14:43.622Z,59.7654,-136.6922,0,2.6,ml,,,,0.71,ak,ak15864504,2017-05-02T02:18:55.301Z,"84km WNW of Skagway, Alaska",earthquake,,0.3,,,automatic,ak,ak
2017-05-02T02:14:07.587Z,51.6197,-178.5193,4.9,2.8,ml,,,,0.57,ak,ak15864505,2017-05-02T17:35:13.842Z,"39km SW of Tanaga Volcano, Alaska",earthquake,,1.2,,,reviewed,ak,ak
2017-05-02T02:10:05.115Z,62.1964,-150.0676,16.5,1.6,ml,,,,0.66,ak,ak15864501,2017-05-02T02:17:11.836Z,"11km WNW of Y, Alaska",earthquake,,0.4,,,automatic,ak,ak
2017-05-02T02:08:06.359Z,59.8435,-136.6358,0.9,2,ml,,,,0.45,ak,ak15864499,2017-05-02T02:12:01.680Z,"86km WNW of Skagway, Alaska",earthquake,,0.4,,,automatic,ak,ak
